split,method,scope,tau,n_questions,n_seeds,seed_ids,n,correct,error,abstain,accuracy,error_rate,coverage,selective_risk,utility,invalid,explicit_idk,empty,truncated,candidate_invalid
test_nq,a_g4_single_tau,diagnostic,0.6,200,3,"[17, 29, 43]",600,47,35,518,0.07833333333333334,0.058333333333333334,0.13666666666666666,0.4268292682926829,-0.003666666666666664,1,518,0,1,0
test_nq,a_g4_single_tau,diagnostic,0.65,200,3,"[17, 29, 43]",600,46,36,518,0.07666666666666666,0.06,0.13666666666666666,0.43902439024390244,-0.01216666666666667,1,518,0,1,0
test_nq,a_g4_single_tau,diagnostic,0.75,200,3,"[17, 29, 43]",600,42,37,521,0.07,0.06166666666666667,0.13166666666666665,0.46835443037974683,-0.02875,1,521,0,1,0
test_nq,a_g4_single_tau,diagnostic,0.85,200,3,"[17, 29, 43]",600,38,32,530,0.06333333333333334,0.05333333333333334,0.11666666666666667,0.45714285714285713,-0.035833333333333335,0,530,0,0,0
test_nq,a_g4_single_tau,diagnostic,0.9,200,3,"[17, 29, 43]",600,32,23,545,0.05333333333333334,0.03833333333333333,0.09166666666666666,0.41818181818181815,-0.029166666666666667,0,545,0,0,0
test_nq,a_g4_single_tau,diagnostic,0.95,200,3,"[17, 29, 43]",600,32,21,547,0.05333333333333334,0.035,0.08833333333333333,0.39622641509433965,-0.03058333333333333,0,547,0,0,0
test_nq,a_g4_single_tau,primary,0.65,500,3,"[17, 29, 43]",1500,92,114,1294,0.06133333333333333,0.076,0.13733333333333334,0.5533980582524272,-0.027933333333333338,3,1294,0,3,0
test_nq,a_g4_single_tau,primary,0.85,500,3,"[17, 29, 43]",1500,78,99,1323,0.052,0.066,0.118,0.559322033898305,-0.0483,1,1323,0,1,0
test_nq,b_g8_single_tau,diagnostic,0.6,200,3,"[17, 29, 43]",600,44,37,519,0.07333333333333333,0.06166666666666667,0.135,0.4567901234567901,-0.007666666666666663,1,519,0,1,0
test_nq,b_g8_single_tau,diagnostic,0.65,200,3,"[17, 29, 43]",600,45,38,517,0.075,0.06333333333333334,0.13833333333333334,0.4578313253012048,-0.014916666666666668,0,517,0,0,0
test_nq,b_g8_single_tau,diagnostic,0.75,200,3,"[17, 29, 43]",600,44,38,518,0.07333333333333333,0.06333333333333334,0.13666666666666666,0.4634146341463415,-0.029166666666666667,0,518,0,0,0
test_nq,b_g8_single_tau,diagnostic,0.85,200,3,"[17, 29, 43]",600,41,33,526,0.06833333333333333,0.055,0.12333333333333334,0.44594594594594594,-0.0365,1,526,0,1,0
test_nq,b_g8_single_tau,diagnostic,0.9,200,3,"[17, 29, 43]",600,34,28,538,0.056666666666666664,0.04666666666666667,0.10333333333333333,0.45161290322580644,-0.036333333333333336,1,538,0,1,0
test_nq,b_g8_single_tau,diagnostic,0.95,200,3,"[17, 29, 43]",600,32,24,544,0.05333333333333334,0.04,0.09333333333333334,0.42857142857142855,-0.03533333333333333,0,544,0,0,0
test_nq,b_g8_single_tau,primary,0.65,500,3,"[17, 29, 43]",1500,91,109,1300,0.06066666666666667,0.07266666666666667,0.13333333333333333,0.545,-0.026000000000000006,1,1300,0,1,0
test_nq,b_g8_single_tau,primary,0.85,500,3,"[17, 29, 43]",1500,81,94,1325,0.054,0.06266666666666666,0.11666666666666667,0.5371428571428571,-0.04516666666666667,2,1325,0,2,0
test_nq,c_g8_paired_tau,diagnostic,0.6,200,3,"[17, 29, 43]",600,39,26,535,0.065,0.043333333333333335,0.10833333333333334,0.4,2.4054832200211726e-18,0,535,0,0,0
test_nq,c_g8_paired_tau,diagnostic,0.65,200,3,"[17, 29, 43]",600,43,29,528,0.07166666666666667,0.04833333333333333,0.12,0.4027777777777778,-0.006333333333333336,0,528,0,0,0
test_nq,c_g8_paired_tau,diagnostic,0.75,200,3,"[17, 29, 43]",600,38,27,535,0.06333333333333334,0.045,0.10833333333333334,0.4153846153846154,-0.017916666666666668,0,535,0,0,0
test_nq,c_g8_paired_tau,diagnostic,0.85,200,3,"[17, 29, 43]",600,37,19,544,0.06166666666666667,0.03166666666666667,0.09333333333333334,0.3392857142857143,-0.017666666666666664,0,544,0,0,0
test_nq,c_g8_paired_tau,diagnostic,0.9,200,3,"[17, 29, 43]",600,32,17,551,0.05333333333333334,0.028333333333333332,0.08166666666666667,0.3469387755102041,-0.02016666666666667,0,551,0,0,0
test_nq,c_g8_paired_tau,diagnostic,0.95,200,3,"[17, 29, 43]",600,28,14,558,0.04666666666666667,0.023333333333333334,0.07,0.3333333333333333,-0.01983333333333333,0,558,0,0,0
test_nq,c_g8_paired_tau,primary,0.65,500,3,"[17, 29, 43]",1500,81,82,1337,0.054,0.05466666666666667,0.10866666666666666,0.5030674846625767,-0.016633333333333337,0,1337,0,0,0
test_nq,c_g8_paired_tau,primary,0.85,500,3,"[17, 29, 43]",1500,73,63,1364,0.048666666666666664,0.042,0.09066666666666667,0.4632352941176471,-0.028399999999999995,0,1364,0,0,0
test_nq,critic_calibrated,diagnostic,0.6,200,3,"[17, 29, 43]",600,62,40,498,0.10333333333333333,0.06666666666666667,0.17,0.39215686274509803,0.0013333333333333372,0,0,0,0,6
test_nq,critic_calibrated,diagnostic,0.65,200,3,"[17, 29, 43]",600,54,38,508,0.09,0.06333333333333334,0.15333333333333332,0.41304347826086957,-0.00966666666666667,0,0,0,0,6
test_nq,critic_calibrated,diagnostic,0.75,200,3,"[17, 29, 43]",600,41,22,537,0.06833333333333333,0.03666666666666667,0.105,0.3492063492063492,-0.010416666666666666,0,0,0,0,6
test_nq,critic_calibrated,diagnostic,0.85,200,3,"[17, 29, 43]",600,16,9,575,0.02666666666666667,0.015,0.041666666666666664,0.36,-0.008749999999999999,0,0,0,0,6
test_nq,critic_calibrated,diagnostic,0.9,200,3,"[17, 29, 43]",600,8,5,587,0.013333333333333334,0.008333333333333333,0.021666666666666667,0.38461538461538464,-0.006166666666666667,0,0,0,0,6
test_nq,critic_calibrated,diagnostic,0.95,200,3,"[17, 29, 43]",600,1,2,597,0.0016666666666666668,0.0033333333333333335,0.005,0.6666666666666666,-0.0030833333333333333,0,0,0,0,6
test_nq,critic_calibrated,primary,0.65,500,3,"[17, 29, 43]",1500,120,101,1279,0.08,0.06733333333333333,0.14733333333333334,0.45701357466063347,-0.015766666666666672,0,0,0,0,18
test_nq,critic_calibrated,primary,0.85,500,3,"[17, 29, 43]",1500,43,22,1435,0.028666666666666667,0.014666666666666666,0.043333333333333335,0.3384615384615385,-0.008166666666666666,0,0,0,0,18
test_nq,critic_raw,diagnostic,0.6,200,3,"[17, 29, 43]",600,64,39,497,0.10666666666666667,0.065,0.17166666666666666,0.3786407766990291,0.0036666666666666705,0,0,0,0,6
test_nq,critic_raw,diagnostic,0.65,200,3,"[17, 29, 43]",600,55,37,508,0.09166666666666666,0.06166666666666667,0.15333333333333332,0.40217391304347827,-0.008000000000000004,0,0,0,0,6
test_nq,critic_raw,diagnostic,0.75,200,3,"[17, 29, 43]",600,45,26,529,0.075,0.043333333333333335,0.11833333333333333,0.36619718309859156,-0.01375,0,0,0,0,6
test_nq,critic_raw,diagnostic,0.85,200,3,"[17, 29, 43]",600,28,19,553,0.04666666666666667,0.03166666666666667,0.07833333333333334,0.40425531914893614,-0.019916666666666666,0,0,0,0,6
test_nq,critic_raw,diagnostic,0.9,200,3,"[17, 29, 43]",600,17,12,571,0.028333333333333332,0.02,0.04833333333333333,0.41379310344827586,-0.015166666666666669,0,0,0,0,6
test_nq,critic_raw,diagnostic,0.95,200,3,"[17, 29, 43]",600,5,3,592,0.008333333333333333,0.005,0.013333333333333334,0.375,-0.004333333333333333,0,0,0,0,6
test_nq,critic_raw,primary,0.65,500,3,"[17, 29, 43]",1500,123,110,1267,0.082,0.07333333333333333,0.15533333333333332,0.4721030042918455,-0.01896666666666667,0,0,0,0,18
test_nq,critic_raw,primary,0.85,500,3,"[17, 29, 43]",1500,71,51,1378,0.04733333333333333,0.034,0.08133333333333333,0.4180327868852459,-0.021799999999999996,0,0,0,0,18
test_nq,d_g8_paired_fixed075,diagnostic,0.6,200,3,"[17, 29, 43]",600,74,77,449,0.12333333333333334,0.12833333333333333,0.25166666666666665,0.5099337748344371,-0.027666666666666662,2,449,0,2,0
test_nq,d_g8_paired_fixed075,diagnostic,0.65,200,3,"[17, 29, 43]",600,74,80,446,0.12333333333333334,0.13333333333333333,0.25666666666666665,0.5194805194805194,-0.04350000000000001,1,446,0,1,0
test_nq,d_g8_paired_fixed075,diagnostic,0.75,200,3,"[17, 29, 43]",600,71,76,453,0.11833333333333333,0.12666666666666668,0.245,0.5170068027210885,-0.06541666666666666,1,453,0,1,0
test_nq,d_g8_paired_fixed075,diagnostic,0.85,200,3,"[17, 29, 43]",600,68,70,462,0.11333333333333333,0.11666666666666667,0.23,0.5072463768115942,-0.08216666666666667,1,462,0,1,0
test_nq,d_g8_paired_fixed075,diagnostic,0.9,200,3,"[17, 29, 43]",600,59,55,486,0.09833333333333333,0.09166666666666666,0.19,0.4824561403508772,-0.07266666666666667,1,486,0,1,0
test_nq,d_g8_paired_fixed075,diagnostic,0.95,200,3,"[17, 29, 43]",600,59,42,499,0.09833333333333333,0.07,0.16833333333333333,0.4158415841584158,-0.06158333333333332,0,499,0,0,0
test_nq,d_g8_paired_fixed075,primary,0.65,500,3,"[17, 29, 43]",1500,152,219,1129,0.10133333333333333,0.146,0.24733333333333332,0.5902964959568733,-0.05943333333333334,2,1129,0,2,0
test_nq,d_g8_paired_fixed075,primary,0.85,500,3,"[17, 29, 43]",1500,139,191,1170,0.09266666666666666,0.12733333333333333,0.22,0.5787878787878787,-0.09433333333333334,3,1170,0,3,0
test_nq,original,diagnostic,0.6,200,1,[0],200,38,80,82,0.19,0.4,0.59,0.6779661016949152,-0.16399999999999998,5,82,0,5,0
test_nq,original,diagnostic,0.65,200,1,[0],200,38,80,82,0.19,0.4,0.59,0.6779661016949152,-0.1935,5,82,0,5,0
test_nq,original,diagnostic,0.75,200,1,[0],200,36,79,85,0.18,0.395,0.575,0.6869565217391305,-0.25125,5,85,0,5,0
test_nq,original,diagnostic,0.85,200,1,[0],200,35,77,88,0.175,0.385,0.56,0.6875,-0.301,3,88,0,3,0
test_nq,original,diagnostic,0.9,200,1,[0],200,33,75,92,0.165,0.375,0.54,0.6944444444444444,-0.321,4,92,0,4,0
test_nq,original,diagnostic,0.95,200,1,[0],200,34,72,94,0.17,0.36,0.53,0.6792452830188679,-0.33349999999999996,3,94,0,3,0
test_nq,original,primary,0.65,500,1,[0],500,75,219,206,0.15,0.438,0.588,0.7448979591836735,-0.23220000000000002,10,206,0,10,0
test_nq,original,primary,0.85,500,1,[0],500,73,204,223,0.146,0.408,0.554,0.7364620938628159,-0.32489999999999997,8,223,0,8,0
test_nq,original_calibrated,diagnostic,0.6,200,1,[0],200,19,36,145,0.095,0.18,0.275,0.6545454545454545,-0.06999999999999999,0,0,0,0,2
test_nq,original_calibrated,diagnostic,0.65,200,1,[0],200,17,29,154,0.085,0.145,0.23,0.6304347826086957,-0.0645,0,0,0,0,2
test_nq,original_calibrated,diagnostic,0.75,200,1,[0],200,4,9,187,0.02,0.045,0.065,0.6923076923076923,-0.02875,0,0,0,0,2
test_nq,original_calibrated,diagnostic,0.85,200,1,[0],200,0,0,200,0.0,0.0,0.0,,0.0,0,0,0,0,2
test_nq,original_calibrated,diagnostic,0.9,200,1,[0],200,0,0,200,0.0,0.0,0.0,,0.0,0,0,0,0,2
test_nq,original_calibrated,diagnostic,0.95,200,1,[0],200,0,0,200,0.0,0.0,0.0,,0.0,0,0,0,0,2
test_nq,original_calibrated,primary,0.65,500,1,[0],500,39,67,394,0.078,0.134,0.212,0.6320754716981132,-0.059800000000000006,0,0,0,0,6
test_nq,original_calibrated,primary,0.85,500,1,[0],500,0,1,499,0.0,0.002,0.002,1.0,-0.0017,0,0,0,0,6
test_nq,original_raw,diagnostic,0.6,200,1,[0],200,34,70,96,0.17,0.35,0.52,0.6730769230769231,-0.142,0,0,0,0,2
test_nq,original_raw,diagnostic,0.65,200,1,[0],200,34,70,96,0.17,0.35,0.52,0.6730769230769231,-0.168,0,0,0,0,2
test_nq,original_raw,diagnostic,0.75,200,1,[0],200,34,68,98,0.17,0.34,0.51,0.6666666666666666,-0.2125,0,0,0,0,2
test_nq,original_raw,diagnostic,0.85,200,1,[0],200,34,67,99,0.17,0.335,0.505,0.6633663366336634,-0.25925,0,0,0,0,2
test_nq,original_raw,diagnostic,0.9,200,1,[0],200,34,65,101,0.17,0.325,0.495,0.6565656565656566,-0.2755,0,0,0,0,2
test_nq,original_raw,diagnostic,0.95,200,1,[0],200,34,65,101,0.17,0.325,0.495,0.6565656565656566,-0.30024999999999996,0,0,0,0,2
test_nq,original_raw,primary,0.65,500,1,[0],500,75,183,242,0.15,0.366,0.516,0.7093023255813954,-0.1854,0,0,0,0,6
test_nq,original_raw,primary,0.85,500,1,[0],500,75,174,251,0.15,0.348,0.498,0.6987951807228916,-0.2733,0,0,0,0,6
test_nq,train_logistic_raw,diagnostic,0.6,200,1,[0],200,22,40,138,0.11,0.2,0.31,0.6451612903225806,-0.076,0,0,0,0,2
test_nq,train_logistic_raw,diagnostic,0.65,200,1,[0],200,18,35,147,0.09,0.175,0.265,0.660377358490566,-0.08225000000000002,0,0,0,0,2
test_nq,train_logistic_raw,diagnostic,0.75,200,1,[0],200,5,11,184,0.025,0.055,0.08,0.6875,-0.035,0,0,0,0,2
test_nq,train_logistic_raw,diagnostic,0.85,200,1,[0],200,0,0,200,0.0,0.0,0.0,,0.0,0,0,0,0,2
test_nq,train_logistic_raw,diagnostic,0.9,200,1,[0],200,0,0,200,0.0,0.0,0.0,,0.0,0,0,0,0,2
test_nq,train_logistic_raw,diagnostic,0.95,200,1,[0],200,0,0,200,0.0,0.0,0.0,,0.0,0,0,0,0,2
test_nq,train_logistic_raw,primary,0.65,500,1,[0],500,43,79,378,0.086,0.158,0.244,0.6475409836065574,-0.07260000000000001,0,0,0,0,6
test_nq,train_logistic_raw,primary,0.85,500,1,[0],500,0,1,499,0.0,0.002,0.002,1.0,-0.0017,0,0,0,0,6
test_nq,train_logistic_recalibrated,diagnostic,0.6,200,1,[0],200,19,36,145,0.095,0.18,0.275,0.6545454545454545,-0.06999999999999999,0,0,0,0,2
test_nq,train_logistic_recalibrated,diagnostic,0.65,200,1,[0],200,17,29,154,0.085,0.145,0.23,0.6304347826086957,-0.0645,0,0,0,0,2
test_nq,train_logistic_recalibrated,diagnostic,0.75,200,1,[0],200,4,9,187,0.02,0.045,0.065,0.6923076923076923,-0.02875,0,0,0,0,2
test_nq,train_logistic_recalibrated,diagnostic,0.85,200,1,[0],200,0,0,200,0.0,0.0,0.0,,0.0,0,0,0,0,2
test_nq,train_logistic_recalibrated,diagnostic,0.9,200,1,[0],200,0,0,200,0.0,0.0,0.0,,0.0,0,0,0,0,2
test_nq,train_logistic_recalibrated,diagnostic,0.95,200,1,[0],200,0,0,200,0.0,0.0,0.0,,0.0,0,0,0,0,2
test_nq,train_logistic_recalibrated,primary,0.65,500,1,[0],500,39,67,394,0.078,0.134,0.212,0.6320754716981132,-0.059800000000000006,0,0,0,0,6
test_nq,train_logistic_recalibrated,primary,0.85,500,1,[0],500,0,1,499,0.0,0.002,0.002,1.0,-0.0017,0,0,0,0,6
test_trivia,a_g4_single_tau,diagnostic,0.6,200,3,"[17, 29, 43]",600,118,50,432,0.19666666666666666,0.08333333333333333,0.28,0.2976190476190476,0.02866666666666667,0,432,0,0,0
test_trivia,a_g4_single_tau,diagnostic,0.65,200,3,"[17, 29, 43]",600,119,52,429,0.19833333333333333,0.08666666666666667,0.285,0.30409356725146197,0.013083333333333327,0,429,0,0,0
test_trivia,a_g4_single_tau,diagnostic,0.75,200,3,"[17, 29, 43]",600,118,51,431,0.19666666666666666,0.085,0.2816666666666667,0.30177514792899407,-0.014583333333333334,0,431,0,0,0
test_trivia,a_g4_single_tau,diagnostic,0.85,200,3,"[17, 29, 43]",600,117,49,434,0.195,0.08166666666666667,0.27666666666666667,0.29518072289156627,-0.04016666666666666,0,434,0,0,0
test_trivia,a_g4_single_tau,diagnostic,0.9,200,3,"[17, 29, 43]",600,110,42,448,0.18333333333333332,0.07,0.25333333333333335,0.27631578947368424,-0.044666666666666674,0,448,0,0,0
test_trivia,a_g4_single_tau,diagnostic,0.95,200,3,"[17, 29, 43]",600,108,39,453,0.18,0.065,0.245,0.2653061224489796,-0.05274999999999999,0,453,0,0,0
test_trivia,a_g4_single_tau,primary,0.65,2000,3,"[17, 29, 43]",6000,1203,494,4303,0.2005,0.08233333333333333,0.2828333333333333,0.291101944608132,0.016658333333333327,5,4303,0,5,0
test_trivia,a_g4_single_tau,primary,0.85,2000,3,"[17, 29, 43]",6000,1151,454,4395,0.19183333333333333,0.07566666666666666,0.2675,0.28286604361370715,-0.03554166666666666,4,4395,0,4,0
test_trivia,b_g8_single_tau,diagnostic,0.6,200,3,"[17, 29, 43]",600,141,59,400,0.235,0.09833333333333333,0.3333333333333333,0.295,0.035,0,400,0,0,0
test_trivia,b_g8_single_tau,diagnostic,0.65,200,3,"[17, 29, 43]",600,142,60,398,0.23666666666666666,0.1,0.33666666666666667,0.297029702970297,0.017833333333333326,0,398,0,0,0
test_trivia,b_g8_single_tau,diagnostic,0.75,200,3,"[17, 29, 43]",600,143,60,397,0.23833333333333334,0.1,0.3383333333333333,0.2955665024630542,-0.015416666666666667,0,397,0,0,0
test_trivia,b_g8_single_tau,diagnostic,0.85,200,3,"[17, 29, 43]",600,137,56,407,0.22833333333333333,0.09333333333333334,0.32166666666666666,0.29015544041450775,-0.04508333333333333,0,407,0,0,0
test_trivia,b_g8_single_tau,diagnostic,0.9,200,3,"[17, 29, 43]",600,126,53,421,0.21,0.08833333333333333,0.29833333333333334,0.29608938547486036,-0.0585,0,421,0,0,0
test_trivia,b_g8_single_tau,diagnostic,0.95,200,3,"[17, 29, 43]",600,124,49,427,0.20666666666666667,0.08166666666666667,0.28833333333333333,0.2832369942196532,-0.06724999999999999,0,427,0,0,0
test_trivia,b_g8_single_tau,primary,0.65,2000,3,"[17, 29, 43]",6000,1416,506,4078,0.236,0.08433333333333333,0.32033333333333336,0.26326742976066597,0.027783333333333327,5,4078,0,5,0
test_trivia,b_g8_single_tau,primary,0.85,2000,3,"[17, 29, 43]",6000,1345,450,4205,0.22416666666666665,0.075,0.2991666666666667,0.25069637883008355,-0.030124999999999996,5,4205,0,5,0
test_trivia,c_g8_paired_tau,diagnostic,0.6,200,3,"[17, 29, 43]",600,131,48,421,0.21833333333333332,0.08,0.29833333333333334,0.2681564245810056,0.03933333333333334,0,421,0,0,0
test_trivia,c_g8_paired_tau,diagnostic,0.65,200,3,"[17, 29, 43]",600,136,49,415,0.22666666666666666,0.08166666666666667,0.30833333333333335,0.2648648648648649,0.026249999999999996,0,415,0,0,0
test_trivia,c_g8_paired_tau,diagnostic,0.75,200,3,"[17, 29, 43]",600,132,50,418,0.22,0.08333333333333333,0.30333333333333334,0.27472527472527475,-0.0075,0,418,0,0,0
test_trivia,c_g8_paired_tau,diagnostic,0.85,200,3,"[17, 29, 43]",600,127,46,427,0.21166666666666667,0.07666666666666666,0.28833333333333333,0.2658959537572254,-0.033416666666666664,0,427,0,0,0
test_trivia,c_g8_paired_tau,diagnostic,0.9,200,3,"[17, 29, 43]",600,121,38,441,0.20166666666666666,0.06333333333333334,0.265,0.2389937106918239,-0.03683333333333334,0,441,0,0,0
test_trivia,c_g8_paired_tau,diagnostic,0.95,200,3,"[17, 29, 43]",600,111,36,453,0.185,0.06,0.245,0.24489795918367346,-0.047749999999999994,0,453,0,0,0
test_trivia,c_g8_paired_tau,primary,0.65,2000,3,"[17, 29, 43]",6000,1332,385,4283,0.222,0.06416666666666666,0.2861666666666667,0.22422830518345951,0.03599166666666666,1,4283,0,1,0
test_trivia,c_g8_paired_tau,primary,0.85,2000,3,"[17, 29, 43]",6000,1249,346,4405,0.20816666666666667,0.057666666666666665,0.2658333333333333,0.21692789968652038,-0.01779166666666666,1,4405,0,1,0
test_trivia,critic_calibrated,diagnostic,0.6,200,3,"[17, 29, 43]",600,230,44,326,0.38333333333333336,0.07333333333333333,0.45666666666666667,0.16058394160583941,0.10933333333333335,0,0,0,0,0
test_trivia,critic_calibrated,diagnostic,0.65,200,3,"[17, 29, 43]",600,218,36,346,0.36333333333333334,0.06,0.42333333333333334,0.14173228346456693,0.08816666666666666,0,0,0,0,0
test_trivia,critic_calibrated,diagnostic,0.75,200,3,"[17, 29, 43]",600,179,22,399,0.29833333333333334,0.03666666666666667,0.335,0.10945273631840796,0.04708333333333333,0,0,0,0,0
test_trivia,critic_calibrated,diagnostic,0.85,200,3,"[17, 29, 43]",600,105,8,487,0.175,0.013333333333333334,0.18833333333333332,0.07079646017699115,0.014916666666666672,0,0,0,0,0
test_trivia,critic_calibrated,diagnostic,0.9,200,3,"[17, 29, 43]",600,61,1,538,0.10166666666666667,0.0016666666666666668,0.10333333333333333,0.016129032258064516,0.008666666666666665,0,0,0,0,0
test_trivia,critic_calibrated,diagnostic,0.95,200,3,"[17, 29, 43]",600,8,0,592,0.013333333333333334,0.0,0.013333333333333334,0.0,0.0006666666666666673,0,0,0,0,0
test_trivia,critic_calibrated,primary,0.65,2000,3,"[17, 29, 43]",6000,2060,397,3543,0.3433333333333333,0.06616666666666667,0.4095,0.16157916157916158,0.07715833333333333,0,0,0,0,36
test_trivia,critic_calibrated,primary,0.85,2000,3,"[17, 29, 43]",6000,1111,141,4748,0.18516666666666667,0.0235,0.20866666666666667,0.11261980830670927,0.007800000000000004,0,0,0,0,36
test_trivia,critic_raw,diagnostic,0.6,200,3,"[17, 29, 43]",600,228,44,328,0.38,0.07333333333333333,0.4533333333333333,0.16176470588235295,0.10800000000000001,0,0,0,0,0
test_trivia,critic_raw,diagnostic,0.65,200,3,"[17, 29, 43]",600,220,41,339,0.36666666666666664,0.06833333333333333,0.435,0.15708812260536398,0.08391666666666665,0,0,0,0,0
test_trivia,critic_raw,diagnostic,0.75,200,3,"[17, 29, 43]",600,185,29,386,0.30833333333333335,0.04833333333333333,0.3566666666666667,0.13551401869158877,0.04083333333333333,0,0,0,0,0
test_trivia,critic_raw,diagnostic,0.85,200,3,"[17, 29, 43]",600,141,14,445,0.235,0.023333333333333334,0.25833333333333336,0.09032258064516129,0.015416666666666672,0,0,0,0,0
test_trivia,critic_raw,diagnostic,0.9,200,3,"[17, 29, 43]",600,100,9,491,0.16666666666666666,0.015,0.18166666666666667,0.08256880733944955,0.0031666666666666627,0,0,0,0,0
test_trivia,critic_raw,diagnostic,0.95,200,3,"[17, 29, 43]",600,47,3,550,0.07833333333333334,0.005,0.08333333333333333,0.06,-0.0008333333333333296,0,0,0,0,0
test_trivia,critic_raw,primary,0.65,2000,3,"[17, 29, 43]",6000,2072,433,3495,0.3453333333333333,0.07216666666666667,0.4175,0.17285429141716566,0.07395833333333332,0,0,0,0,36
test_trivia,critic_raw,primary,0.85,2000,3,"[17, 29, 43]",6000,1440,208,4352,0.24,0.034666666666666665,0.27466666666666667,0.1262135922330097,0.00653333333333334,0,0,0,0,36
test_trivia,d_g8_paired_fixed075,diagnostic,0.6,200,3,"[17, 29, 43]",600,188,90,322,0.31333333333333335,0.15,0.4633333333333333,0.3237410071942446,0.03533333333333334,0,322,0,0,0
test_trivia,d_g8_paired_fixed075,diagnostic,0.65,200,3,"[17, 29, 43]",600,190,94,316,0.31666666666666665,0.15666666666666668,0.47333333333333333,0.33098591549295775,0.008999999999999989,0,316,0,0,0
test_trivia,d_g8_paired_fixed075,diagnostic,0.75,200,3,"[17, 29, 43]",600,193,92,315,0.32166666666666666,0.15333333333333332,0.475,0.32280701754385965,-0.034583333333333334,0,315,0,0,0
test_trivia,d_g8_paired_fixed075,diagnostic,0.85,200,3,"[17, 29, 43]",600,184,88,328,0.30666666666666664,0.14666666666666667,0.4533333333333333,0.3235294117647059,-0.07866666666666666,1,328,0,1,0
test_trivia,d_g8_paired_fixed075,diagnostic,0.9,200,3,"[17, 29, 43]",600,179,83,338,0.29833333333333334,0.13833333333333334,0.43666666666666665,0.31679389312977096,-0.09466666666666668,0,338,0,0,0
test_trivia,d_g8_paired_fixed075,diagnostic,0.95,200,3,"[17, 29, 43]",600,178,80,342,0.2966666666666667,0.13333333333333333,0.43,0.31007751937984496,-0.11183333333333333,0,342,0,0,0
test_trivia,d_g8_paired_fixed075,primary,0.65,2000,3,"[17, 29, 43]",6000,1947,897,3156,0.3245,0.1495,0.474,0.3154008438818565,0.016399999999999988,10,3156,0,10,0
test_trivia,d_g8_paired_fixed075,primary,0.85,2000,3,"[17, 29, 43]",6000,1885,825,3290,0.31416666666666665,0.1375,0.45166666666666666,0.3044280442804428,-0.06974999999999999,9,3290,0,9,0
test_trivia,original,diagnostic,0.6,200,1,[0],200,87,69,44,0.435,0.345,0.78,0.4423076923076923,-0.03299999999999998,0,44,0,0,0
test_trivia,original,diagnostic,0.65,200,1,[0],200,87,70,43,0.435,0.35,0.785,0.445859872611465,-0.07525000000000003,0,43,0,0,0
test_trivia,original,diagnostic,0.75,200,1,[0],200,87,69,44,0.435,0.345,0.78,0.4423076923076923,-0.15,0,44,0,0,0
test_trivia,original,diagnostic,0.85,200,1,[0],200,85,69,46,0.425,0.345,0.77,0.44805194805194803,-0.22949999999999998,0,46,0,0,0
test_trivia,original,diagnostic,0.9,200,1,[0],200,86,65,49,0.43,0.325,0.755,0.4304635761589404,-0.24950000000000003,0,49,0,0,0
test_trivia,original,diagnostic,0.95,200,1,[0],200,85,65,50,0.425,0.325,0.75,0.43333333333333335,-0.2875,0,50,0,0,0
test_trivia,original,primary,0.65,2000,1,[0],2000,915,689,396,0.4575,0.3445,0.802,0.4295511221945137,-0.06380000000000002,12,396,0,12,0
test_trivia,original,primary,0.85,2000,1,[0],2000,899,673,428,0.4495,0.3365,0.786,0.42811704834605596,-0.2186,10,428,0,10,0
test_trivia,original_calibrated,diagnostic,0.6,200,1,[0],200,72,21,107,0.36,0.105,0.465,0.22580645161290322,0.08100000000000002,0,0,0,0,0
test_trivia,original_calibrated,diagnostic,0.65,200,1,[0],200,63,19,118,0.315,0.095,0.41,0.23170731707317074,0.04849999999999999,0,0,0,0,0
test_trivia,original_calibrated,diagnostic,0.75,200,1,[0],200,39,8,153,0.195,0.04,0.235,0.1702127659574468,0.01875,0,0,0,0,0
test_trivia,original_calibrated,diagnostic,0.85,200,1,[0],200,1,0,199,0.005,0.0,0.005,0.0,0.0007500000000000001,0,0,0,0,0
test_trivia,original_calibrated,diagnostic,0.9,200,1,[0],200,0,0,200,0.0,0.0,0.0,,0.0,0,0,0,0,0
test_trivia,original_calibrated,diagnostic,0.95,200,1,[0],200,0,0,200,0.0,0.0,0.0,,0.0,0,0,0,0,0
test_trivia,original_calibrated,primary,0.65,2000,1,[0],2000,619,185,1196,0.3095,0.0925,0.402,0.2300995024875622,0.048199999999999986,0,0,0,0,12
test_trivia,original_calibrated,primary,0.85,2000,1,[0],2000,2,0,1998,0.001,0.0,0.001,0.0,0.00015000000000000001,0,0,0,0,12
test_trivia,original_raw,diagnostic,0.6,200,1,[0],200,92,53,55,0.46,0.265,0.725,0.36551724137931035,0.02500000000000002,0,0,0,0,0
test_trivia,original_raw,diagnostic,0.65,200,1,[0],200,91,53,56,0.455,0.265,0.72,0.3680555555555556,-0.013000000000000017,0,0,0,0,0
test_trivia,original_raw,diagnostic,0.75,200,1,[0],200,91,52,57,0.455,0.26,0.715,0.36363636363636365,-0.08125,0,0,0,0,0
test_trivia,original_raw,diagnostic,0.85,200,1,[0],200,90,52,58,0.45,0.26,0.71,0.36619718309859156,-0.15349999999999997,0,0,0,0,0
test_trivia,original_raw,diagnostic,0.9,200,1,[0],200,90,52,58,0.45,0.26,0.71,0.36619718309859156,-0.18900000000000003,0,0,0,0,0
test_trivia,original_raw,diagnostic,0.95,200,1,[0],200,89,52,59,0.445,0.26,0.705,0.36879432624113473,-0.22474999999999998,0,0,0,0,0
test_trivia,original_raw,primary,0.65,2000,1,[0],2000,916,514,570,0.458,0.257,0.715,0.3594405594405594,-0.006750000000000016,0,0,0,0,12
test_trivia,original_raw,primary,0.85,2000,1,[0],2000,912,499,589,0.456,0.2495,0.7055,0.35364989369241673,-0.14367499999999997,0,0,0,0,12
test_trivia,train_logistic_raw,diagnostic,0.6,200,1,[0],200,74,23,103,0.37,0.115,0.485,0.23711340206185566,0.07900000000000001,0,0,0,0,0
test_trivia,train_logistic_raw,diagnostic,0.65,200,1,[0],200,70,19,111,0.35,0.095,0.445,0.21348314606741572,0.06074999999999999,0,0,0,0,0
test_trivia,train_logistic_raw,diagnostic,0.75,200,1,[0],200,41,9,150,0.205,0.045,0.25,0.18,0.0175,0,0,0,0,0
test_trivia,train_logistic_raw,diagnostic,0.85,200,1,[0],200,0,0,200,0.0,0.0,0.0,,0.0,0,0,0,0,0
test_trivia,train_logistic_raw,diagnostic,0.9,200,1,[0],200,0,0,200,0.0,0.0,0.0,,0.0,0,0,0,0,0
test_trivia,train_logistic_raw,diagnostic,0.95,200,1,[0],200,0,0,200,0.0,0.0,0.0,,0.0,0,0,0,0,0
test_trivia,train_logistic_raw,primary,0.65,2000,1,[0],2000,678,215,1107,0.339,0.1075,0.4465,0.24076147816349383,0.04877499999999999,0,0,0,0,12
test_trivia,train_logistic_raw,primary,0.85,2000,1,[0],2000,1,0,1999,0.0005,0.0,0.0005,0.0,7.500000000000001e-05,0,0,0,0,12
test_trivia,train_logistic_recalibrated,diagnostic,0.6,200,1,[0],200,72,21,107,0.36,0.105,0.465,0.22580645161290322,0.08100000000000002,0,0,0,0,0
test_trivia,train_logistic_recalibrated,diagnostic,0.65,200,1,[0],200,63,19,118,0.315,0.095,0.41,0.23170731707317074,0.04849999999999999,0,0,0,0,0
test_trivia,train_logistic_recalibrated,diagnostic,0.75,200,1,[0],200,36,8,156,0.18,0.04,0.22,0.18181818181818182,0.015,0,0,0,0,0
test_trivia,train_logistic_recalibrated,diagnostic,0.85,200,1,[0],200,0,0,200,0.0,0.0,0.0,,0.0,0,0,0,0,0
test_trivia,train_logistic_recalibrated,diagnostic,0.9,200,1,[0],200,0,0,200,0.0,0.0,0.0,,0.0,0,0,0,0,0
test_trivia,train_logistic_recalibrated,diagnostic,0.95,200,1,[0],200,0,0,200,0.0,0.0,0.0,,0.0,0,0,0,0,0
test_trivia,train_logistic_recalibrated,primary,0.65,2000,1,[0],2000,619,185,1196,0.3095,0.0925,0.402,0.2300995024875622,0.048199999999999986,0,0,0,0,12
test_trivia,train_logistic_recalibrated,primary,0.85,2000,1,[0],2000,1,0,1999,0.0005,0.0,0.0005,0.0,7.500000000000001e-05,0,0,0,0,12
