split,method,seed,scope,n,positives,brier,log_loss,auc,ece10
test_nq,critic_calibrated,17,all,500,88,0.11498103501309086,0.3439501920480577,0.8738553618711385,0.06357152206717756
test_nq,critic_calibrated,17,substantive,349,88,0.1647205972808347,0.49152281339924153,0.8008751306165098,0.09231480200298993
test_nq,critic_calibrated,29,all,500,88,0.12542908082949247,0.3754145307219005,0.861457413945278,0.09491715225947582
test_nq,critic_calibrated,29,substantive,349,88,0.17966123344411247,0.5363983599626944,0.7814350400557297,0.1345589199754823
test_nq,critic_calibrated,43,all,500,88,0.11917414592799741,0.35469482363399574,0.858892321270962,0.06834208229975443
test_nq,critic_calibrated,43,substantive,349,88,0.1707048257214199,0.5053062708646637,0.7772553117380704,0.09507488923416689
test_nq,critic_raw,17,all,500,88,0.10948905618578535,0.33428666815288033,0.8738553618711385,0.06261361450418021
test_nq,critic_raw,17,substantive,349,88,0.15686035764573653,0.4786055913490161,0.8008751306165098,0.09001907692682419
test_nq,critic_raw,29,all,500,88,0.12428634895701683,0.3772938252831418,0.861457413945278,0.0819270649889251
test_nq,critic_raw,29,substantive,349,88,0.17805312094483508,0.5401352621941936,0.7814350400557297,0.11777043727624369
test_nq,critic_raw,43,all,500,88,0.1401670815917102,0.4222199147009952,0.858892321270962,0.12500457179291946
test_nq,critic_raw,43,substantive,349,88,0.20080481528258157,0.6038039681248801,0.7772553117380704,0.17799787273585266
test_nq,original_calibrated,0,all,500,88,0.16750616322081877,0.4858056635109946,0.7625496469549867,0.13669479998334808
test_nq,original_calibrated,0,substantive,349,88,0.23719818021869718,0.6742716213647536,0.648227969348659,0.20403537032609986
test_nq,original_raw,0,all,500,88,0.3887015335235606,5.2758138932374345,0.7625496469549867,0.3972841002376447
test_nq,original_raw,0,substantive,349,88,0.5436458133247644,7.446956032373508,0.648227969348659,0.5544433206330068
test_nq,train_logistic_raw,0,all,500,88,0.17571221222376346,0.5063860861715501,0.7625496469549867,0.1735017599343699
test_nq,train_logistic_raw,0,substantive,349,88,0.24712563874229102,0.6900522639774399,0.648227969348659,0.23413119278591238
test_nq,train_logistic_recalibrated,0,all,500,88,0.16725435395113528,0.4850831759937321,0.7625496469549867,0.1361932670663827
test_nq,train_logistic_recalibrated,0,substantive,349,88,0.2367767283838398,0.672567356895868,0.648227969348659,0.20386579676209837
test_trivia,critic_calibrated,17,all,2000,975,0.13712436125670244,0.42413393701795415,0.8849055659787367,0.03164541147333315
test_trivia,critic_calibrated,17,substantive,1784,975,0.1537231843743472,0.4751421112332603,0.8541966974105416,0.03581940945370407
test_trivia,critic_calibrated,29,all,2000,975,0.13444802135482462,0.4193648379062298,0.8865801125703565,0.030656837011570966
test_trivia,critic_calibrated,29,substantive,1784,975,0.15072388362294145,0.46988829551990136,0.8563075655288265,0.034618980987003736
test_trivia,critic_calibrated,43,all,2000,975,0.14143811563147135,0.4352669419804597,0.8783879924953096,0.0351010263297001
test_trivia,critic_calibrated,43,substantive,1784,975,0.15855603268365834,0.4874188360537091,0.8459573389116034,0.03989599297385454
test_trivia,critic_raw,17,all,2000,975,0.14741256255223464,0.46084681343742817,0.8849055659787367,0.0848725982033309
test_trivia,critic_raw,17,substantive,1784,975,0.1652603234759525,0.516553567218582,0.8541966974105416,0.09523929512846219
test_trivia,critic_raw,29,all,2000,975,0.13771520145226157,0.43784677131128796,0.8865801125703565,0.05348809688638603
test_trivia,critic_raw,29,substantive,1784,975,0.15438892307064983,0.4908034067356122,0.8563075655288265,0.060020276699991104
test_trivia,critic_raw,43,all,2000,975,0.14608266660819222,0.4651966210241451,0.8783879924953096,0.07066616070928783
test_trivia,critic_raw,43,substantive,1784,975,0.16376738126395382,0.5213140299831402,0.8459573389116034,0.07942775431620398
test_trivia,original_calibrated,0,all,2000,975,0.16936411159761963,0.5188295015873987,0.8220722951844903,0.03455947806454096
test_trivia,original_calibrated,0,substantive,1784,975,0.18936826390788317,0.5769553066587665,0.7794301289974962,0.043058347936711545
test_trivia,original_raw,0,all,2000,975,0.28167203354096976,3.843541191996631,0.8220722951844903,0.281232862086213
test_trivia,original_raw,0,substantive,1784,975,0.31427951661361103,4.291239584857623,0.7794301289974962,0.3137372211873435
test_trivia,train_logistic_raw,0,all,2000,975,0.1687282160860817,0.5122661011380962,0.8220722951844903,0.02559490302960743
test_trivia,train_logistic_raw,0,substantive,1784,975,0.18830794793072644,0.5662429064412482,0.7794301289974962,0.034239848188791215
test_trivia,train_logistic_recalibrated,0,all,2000,975,0.16934664306791236,0.5183243509503863,0.8220722951844903,0.034719411730284935
test_trivia,train_logistic_recalibrated,0,substantive,1784,975,0.18933771813649336,0.5762226652684072,0.7794301289974962,0.043398465633925805
