split,left,right,role,left_n_seeds,right_n_seeds,effect,ci95_low,ci95_high,ci99_low,ci99_high,per_seed,n_questions,paired_seeds,bootstrap_replicates,bootstrap_seed,family_size,thresholds
test_trivia,b_g8_single_tau,a_g4_single_tau,primary_family,3,3,0.008270833333333333,-0.017789374999999996,0.029325312499999992,-0.023300500000000002,0.03427543749999992,"{'17': -0.0195, '29': 0.015025000000000002, '43': 0.0292875}",2000,"[17, 29, 43]",10000,20261002,5,"[0.65, 0.85]"
test_trivia,c_g8_paired_tau,b_g8_single_tau,primary_family,3,3,0.010270833333333331,-0.0187209375,0.04756624999999995,-0.024450250000000003,0.057188062499999914,"{'17': 0.050575, '29': 0.000375, '43': -0.0201375}",2000,"[17, 29, 43]",10000,20261002,5,"[0.65, 0.85]"
test_trivia,c_g8_paired_tau,d_g8_paired_fixed075,primary_family,3,3,0.03577500000000001,-0.0156634375,0.07648406249999999,-0.0224,0.0842381874999999,"{'17': 0.051024999999999994, '29': 0.07475, '43': -0.01845}",2000,"[17, 29, 43]",10000,20261002,5,"[0.65, 0.85]"
test_trivia,critic_calibrated,original_calibrated,primary_family,3,1,0.01830416666666667,0.012349791666666667,0.024212812499999996,0.010412000000000003,0.025925270833333295,"{'17': 0.018949999999999998, '29': 0.0195625, '43': 0.016399999999999998}",2000,"[17, 29, 43]",10000,20261002,5,"[0.65, 0.85]"
test_trivia,critic_calibrated,train_logistic_recalibrated,primary_family,3,1,0.01834166666666667,0.012378958333333334,0.024271041666666663,0.010412104166666668,0.02601677083333332,"{'17': 0.018987499999999997, '29': 0.019600000000000003, '43': 0.0164375}",2000,"[17, 29, 43]",10000,20261002,5,"[0.65, 0.85]"
test_nq,b_g8_single_tau,a_g4_single_tau,descriptive_transfer,3,3,0.0025333333333333362,-0.029800833333333335,0.04080124999999998,-0.03775025,0.05295074999999988,"{'17': -0.029900000000000003, '29': -0.006, '43': 0.0435}",500,"[17, 29, 43]",10000,20261002,5,"[0.65, 0.85]"
test_nq,c_g8_paired_tau,b_g8_single_tau,descriptive_transfer,3,3,0.013066666666666662,-0.0301,0.06675124999999998,-0.03925,0.0839012499999998,"{'17': 0.07075, '29': -0.0005500000000000001, '43': -0.031}",500,"[17, 29, 43]",10000,20261002,5,"[0.65, 0.85]"
test_nq,c_g8_paired_tau,d_g8_paired_fixed075,descriptive_transfer,3,3,0.054366666666666674,-0.021652499999999995,0.1177541666666666,-0.0327505,0.13125024999999996,"{'17': 0.07265, '29': 0.115, '43': -0.024550000000000002}",500,"[17, 29, 43]",10000,20261002,5,"[0.65, 0.85]"
test_nq,critic_calibrated,original_calibrated,descriptive_transfer,3,1,0.018783333333333336,0.006050000000000001,0.03096666666666667,0.001816500000000001,0.03488349999999998,"{'17': 0.02065, '29': 0.014000000000000002, '43': 0.021700000000000004}",500,"[17, 29, 43]",10000,20261002,5,"[0.65, 0.85]"
test_nq,critic_calibrated,train_logistic_recalibrated,descriptive_transfer,3,1,0.018783333333333336,0.006050000000000001,0.03096666666666667,0.001816500000000001,0.03488349999999998,"{'17': 0.02065, '29': 0.014000000000000002, '43': 0.021700000000000004}",500,"[17, 29, 43]",10000,20261002,5,"[0.65, 0.85]"
