split,method,seed,n,correct,error,abstain,accuracy,error_rate,coverage,selective_risk,invalid,explicit_idk,empty,truncated,candidate_invalid
test_nq,a_g4_single_tau,17,500,79,171,250,0.158,0.342,0.5,0.684,3,250,0,3,0
test_nq,a_g4_single_tau,29,500,12,9,479,0.024,0.018,0.042,0.42857142857142855,0,479,0,0,0
test_nq,a_g4_single_tau,43,500,78,205,217,0.156,0.41,0.566,0.7243816254416962,2,217,0,2,0
test_nq,b_g8_single_tau,17,500,82,216,202,0.164,0.432,0.596,0.7248322147651006,4,202,0,4,0
test_nq,b_g8_single_tau,29,500,62,104,334,0.124,0.208,0.332,0.6265060240963856,2,334,0,2,0
test_nq,b_g8_single_tau,43,500,70,142,288,0.14,0.284,0.424,0.6698113207547169,1,288,0,1,0
test_nq,c_g8_paired_tau,17,500,66,128,306,0.132,0.256,0.388,0.6597938144329897,2,306,0,2,0
test_nq,c_g8_paired_tau,29,500,65,128,307,0.13,0.256,0.386,0.6632124352331606,1,307,0,1,0
test_nq,c_g8_paired_tau,43,500,78,175,247,0.156,0.35,0.506,0.691699604743083,2,247,0,2,0
test_nq,d_g8_paired_fixed075,17,500,83,215,202,0.166,0.43,0.596,0.7214765100671141,3,202,0,3,0
test_nq,d_g8_paired_fixed075,29,500,82,222,196,0.164,0.444,0.608,0.7302631578947368,4,196,0,4,0
test_nq,d_g8_paired_fixed075,43,500,79,179,242,0.158,0.358,0.516,0.6937984496124031,3,242,0,3,0
test_nq,original,0,500,88,267,145,0.176,0.534,0.71,0.752112676056338,6,145,0,6,0
test_trivia,a_g4_single_tau,17,2000,891,570,539,0.4455,0.285,0.7305,0.39014373716632444,8,539,0,8,0
test_trivia,a_g4_single_tau,29,2000,188,48,1764,0.094,0.024,0.118,0.2033898305084746,0,1764,0,0,0
test_trivia,a_g4_single_tau,43,2000,919,630,451,0.4595,0.315,0.7745,0.4067140090380891,7,451,0,7,0
test_trivia,b_g8_single_tau,17,2000,937,685,378,0.4685,0.3425,0.811,0.42231812577065353,7,378,0,7,0
test_trivia,b_g8_single_tau,29,2000,725,361,914,0.3625,0.1805,0.543,0.3324125230202578,3,914,0,3,0
test_trivia,b_g8_single_tau,43,2000,861,515,624,0.4305,0.2575,0.688,0.3742732558139535,6,624,0,6,0
test_trivia,c_g8_paired_tau,17,2000,821,458,721,0.4105,0.229,0.6395,0.35809225957779517,3,721,0,3,0
test_trivia,c_g8_paired_tau,29,2000,786,438,776,0.393,0.219,0.612,0.35784313725490197,7,776,0,7,0
test_trivia,c_g8_paired_tau,43,2000,890,546,564,0.445,0.273,0.718,0.3802228412256267,6,564,0,6,0
test_trivia,d_g8_paired_fixed075,17,2000,941,671,388,0.4705,0.3355,0.806,0.4162531017369727,10,388,0,10,0
test_trivia,d_g8_paired_fixed075,29,2000,944,692,364,0.472,0.346,0.818,0.4229828850855746,8,364,0,8,0
test_trivia,d_g8_paired_fixed075,43,2000,894,603,503,0.447,0.3015,0.7485,0.4028056112224449,9,503,0,9,0
test_trivia,original,0,2000,975,821,204,0.4875,0.4105,0.898,0.45712694877505566,12,204,0,12,0
