job,status,seconds,hours,source,source_sha256
a_g4_single_tau-s17,complete,7136.96964168502,1.9824915671347279,experiments/v2-20261002/artifacts/jobs/a_g4_single_tau-s17/job.json,49fcf9e142e2793cb155ec4e98dde1ef419122bcbde877248ae11f25c2e4f524
a_g4_single_tau-s29,complete,7045.429982295027,1.9570638839708407,experiments/v2-20261002/artifacts/jobs/a_g4_single_tau-s29/job.json,01abe196e214749e4d491ab10dea4b189486822a6969eca7f74140d9d4855502
a_g4_single_tau-s43,complete,7148.195403720019,1.9856098343666722,experiments/v2-20261002/artifacts/jobs/a_g4_single_tau-s43/job.json,4ccf9f8b1a63691a1d265d173ee5751be0f06b942c092f0b085cfcf1e55077b9
b_g8_single_tau-s17,complete,7147.597965140012,1.9854438792055589,experiments/v2-20261002/artifacts/jobs/b_g8_single_tau-s17/job.json,bc008682691300c31f593eff175497429729baec14adaa954c6784c97d482f7d
b_g8_single_tau-s29,complete,7094.332506750943,1.9706479185419286,experiments/v2-20261002/artifacts/jobs/b_g8_single_tau-s29/job.json,80e0ebb3feeb17eea982233a14ec413b46af5b7f2b1b753f97e4f1d2d2a94f83
b_g8_single_tau-s43,complete,7193.56235360296,1.998211764889711,experiments/v2-20261002/artifacts/jobs/b_g8_single_tau-s43/job.json,e8d9cceb591d0c86d31eea2ac478ebbb91bb00d7839574db52f15a088c9cf8a2
c_g8_paired_tau-s17,complete,7019.591263481998,1.9498864620783327,experiments/v2-20261002/artifacts/jobs/c_g8_paired_tau-s17/job.json,89961ad8890b1c0783cf07d0b964331c251a475c6c8ee0bd87223514be475bde
c_g8_paired_tau-s29,complete,7080.440933282953,1.9667891481341535,experiments/v2-20261002/artifacts/jobs/c_g8_paired_tau-s29/job.json,14d79ffe74c852ca66da9ecbe1c5cd6522ea9d6d91ae1cdd6fb783e144e4b7f4
c_g8_paired_tau-s43,complete,7123.1159856859595,1.978643329357211,experiments/v2-20261002/artifacts/jobs/c_g8_paired_tau-s43/job.json,42836f2ed38a15d2ab6c2e48c81ed34e249437524ed4de337545ad4d03a3f505
d_g8_paired_fixed075-s17,complete,7094.235817209003,1.970621060335834,experiments/v2-20261002/artifacts/jobs/d_g8_paired_fixed075-s17/job.json,4bc134eebe02060008eace511d9e48eb28e569fb451c7d395dbbe64d662bcc55
d_g8_paired_fixed075-s29,complete,7071.797748595942,1.9643882634988727,experiments/v2-20261002/artifacts/jobs/d_g8_paired_fixed075-s29/job.json,5f4a773ae074335b12b93e97992d6a5595cb63f91b2c8c16b03d5adfbda9a5e6
d_g8_paired_fixed075-s43,complete,7079.876131098019,1.9666322586383387,experiments/v2-20261002/artifacts/jobs/d_g8_paired_fixed075-s43/job.json,fc222ecca515355da41f13372cd92d5c902c27844acfcd968ffcc17a96bef568
rl-pilot,complete,1469.2666480949847,0.40812962447082907,experiments/v2-20261002/artifacts/jobs/rl-pilot/job.json,6dc65d1b3e5e0cf66cecf4013b16c6406d3e11aa9a6c4f461e017ccc37f7ace4
selector-candidates,complete,4112.020823005005,1.1422280063902792,experiments/v2-20261002/artifacts/jobs/selector-candidates/job.json,c7d7170dba059656aee1326af3c104b50c96bdf95c3fd8d5a6e27166ac7edb3b
selector-dev-s17,complete,300.895619734074,0.08358211659279834,experiments/v2-20261002/artifacts/jobs/selector-dev-s17/job.json,47c4cc36132903f4396468338252795ef71ca9d4802617e042ac820df3043838
selector-dev-s29,complete,304.222152401926,0.08450615344497944,experiments/v2-20261002/artifacts/jobs/selector-dev-s29/job.json,a5d4ff8741f25ffefc496e4a84ad567b65ae5c8b3eabe645712a23da08e079db
selector-dev-s43,complete,266.9735226019984,0.07415931183388845,experiments/v2-20261002/artifacts/jobs/selector-dev-s43/job.json,1e8430218ae1699731869a1c1a0a42e6cc56743cd6feca21e896d8dd2d0078eb
selector-pilot,complete,252.05077012605034,0.07001410281279176,experiments/v2-20261002/artifacts/jobs/selector-pilot/job.json,9d12d20271375569f7a2319e96aab9926f678775078c6b5d615a0bf74beaf24c
selector-s17,complete,2277.499129899079,0.6326386471941886,experiments/v2-20261002/artifacts/jobs/selector-s17/job.json,54e9e8721b97da83699a49ae0fdb0ecb7d5f77484d45a01770a78012cc5b6d06
selector-s29,complete,2235.2028065030463,0.6208896684730684,experiments/v2-20261002/artifacts/jobs/selector-s29/job.json,0e2a00c711a09e8ea51e0893b6ab524ae25232b83303406063dae15d255a86ec
selector-s43,complete,2253.81698142807,0.6260602726189083,experiments/v2-20261002/artifacts/jobs/selector-s43/job.json,38cdff6fdc9e51e0a115c20fca8f186f2455b83ba783105889e8d5288f71d0c8
selector-test-candidates,complete,2201.0378249100177,0.6113993958083382,experiments/v2-20261002/artifacts/jobs/selector-test-candidates/job.json,a7fa463b07e1941f699bc0361ed03b571eccf9dfcdc84377d6f22dd437740b6d
selector-test-s17,complete,394.6803528779419,0.10963343135498387,experiments/v2-20261002/artifacts/jobs/selector-test-s17/job.json,e4a7c6dec9aeadd96024ead96343d8900953f496c8082bc06ef0a425046f20c4
selector-test-s29,complete,393.2535807270324,0.109237105757509,experiments/v2-20261002/artifacts/jobs/selector-test-s29/job.json,b924d8d2cc336f9d1b08c97fe96eca18199af9940585d44746fa88b84262fe94
selector-test-s43,complete,395.11172723502386,0.10975325756528441,experiments/v2-20261002/artifacts/jobs/selector-test-s43/job.json,3d76ed58d4a692cbce14821958ad4622f3e821fbf2f5baa9736a35d3207d845d
test-a_g4_single_tau-s17,complete,2086.8931877750438,0.5796925521597344,experiments/v2-20261002/artifacts/jobs/test-a_g4_single_tau-s17/job.json,094a7938b802806448e641e664d551c084d97def0ce8327b8a4891b94cf6a8d5
test-a_g4_single_tau-s29,complete,1629.481874234043,0.4526338539539009,experiments/v2-20261002/artifacts/jobs/test-a_g4_single_tau-s29/job.json,3b0a6702147d73457128df14234f6ba682b48f3e7a3b9657304bb0243b604dfb
test-a_g4_single_tau-s43,complete,2072.6560689809266,0.5757377969391463,experiments/v2-20261002/artifacts/jobs/test-a_g4_single_tau-s43/job.json,b183482e9a9c380b3655620645ac4c137fb6bb0d06e2992be29c4097df343ca1
test-b_g8_single_tau-s17,complete,2201.508700364968,0.6115301945458244,experiments/v2-20261002/artifacts/jobs/test-b_g8_single_tau-s17/job.json,290935c604e24acd0d785dafdff75899bf36604ba5f430a593be4d57c0356032
test-b_g8_single_tau-s29,complete,1811.2231702059507,0.5031175472794308,experiments/v2-20261002/artifacts/jobs/test-b_g8_single_tau-s29/job.json,f845e1cd21d9083f4674bb7b273ea3d6f2d7fa820770de3da050bc4fdbcf7a80
test-b_g8_single_tau-s43,complete,1932.9520122769754,0.5369311145213821,experiments/v2-20261002/artifacts/jobs/test-b_g8_single_tau-s43/job.json,0ec50c4e61bb458dce1bf426c6e56f51dff1f7ea8035797098c96b49e2aa833a
test-c_g8_paired_tau-s17,complete,1864.5854668470565,0.5179404074575157,experiments/v2-20261002/artifacts/jobs/test-c_g8_paired_tau-s17/job.json,87c0059aba8530f065440e2d8c93da488f853ac940c4b7ff3b038e2fb24e6804
test-c_g8_paired_tau-s29,complete,1844.2305515180342,0.512286264310565,experiments/v2-20261002/artifacts/jobs/test-c_g8_paired_tau-s29/job.json,5937e302a46b7389b79a302ca6f1581089b24622c221f52a3152e1c1b206a6da
test-c_g8_paired_tau-s43,complete,2021.1833877210738,0.5614398299225205,experiments/v2-20261002/artifacts/jobs/test-c_g8_paired_tau-s43/job.json,e4a2c8103540ad1829f59a6814730f735f5e2ccc9b3df2bf2a29e9881ed47a97
test-d_g8_paired_fixed075-s17,complete,2178.413667221903,0.6051149075616397,experiments/v2-20261002/artifacts/jobs/test-d_g8_paired_fixed075-s17/job.json,ca5795f5fd1deb9b08bd053ea3dfab4d355f3e2fa7072835cd7a3a9efc0c4c8f
test-d_g8_paired_fixed075-s29,complete,2235.2151246640133,0.6208930901844482,experiments/v2-20261002/artifacts/jobs/test-d_g8_paired_fixed075-s29/job.json,ecb65b05e964979f478eec8b48d5b8bc485486e9d1d98efe66c2dd5f489606b8
test-d_g8_paired_fixed075-s43,complete,2008.3908220659941,0.5578863394627761,experiments/v2-20261002/artifacts/jobs/test-d_g8_paired_fixed075-s43/job.json,c179a45ad4d2bb390edb4df20454cbbc9bf2eedb02e29655e34f48ff4d51ff4d
test-original,complete,1546.7536598979495,0.4296537944160971,experiments/v2-20261002/artifacts/jobs/test-original/job.json,8a6db32a00b053e21a7ae079d5b81cad1a0ae2e6de8c92922db9a5aca352ea27
