split,method,scope,n_questions,n_seeds,thresholds,seed_ids,n,correct,error,abstain,accuracy,error_rate,coverage,selective_risk,utility,invalid,explicit_idk,empty,truncated,candidate_invalid
test_nq,a_g4_single_tau,primary_two_thresholds,500,3,"[0.65, 0.85]","[17, 29, 43]",3000,170,213,2617,0.056666666666666664,0.071,0.12766666666666668,0.556135770234987,-0.03811666666666667,4,2617,0,4,0
test_nq,b_g8_single_tau,primary_two_thresholds,500,3,"[0.65, 0.85]","[17, 29, 43]",3000,172,203,2625,0.05733333333333333,0.06766666666666667,0.125,0.5413333333333333,-0.035583333333333335,3,2625,0,3,0
test_nq,c_g8_paired_tau,primary_two_thresholds,500,3,"[0.65, 0.85]","[17, 29, 43]",3000,154,145,2701,0.051333333333333335,0.04833333333333333,0.09966666666666667,0.48494983277591974,-0.022516666666666664,0,2701,0,0,0
test_nq,critic_calibrated,primary_two_thresholds,500,3,"[0.65, 0.85]","[17, 29, 43]",3000,163,123,2714,0.05433333333333333,0.041,0.09533333333333334,0.43006993006993005,-0.011966666666666669,0,0,0,0,36
test_nq,critic_raw,primary_two_thresholds,500,3,"[0.65, 0.85]","[17, 29, 43]",3000,194,161,2645,0.06466666666666666,0.05366666666666667,0.11833333333333333,0.4535211267605634,-0.020383333333333337,0,0,0,0,36
test_nq,d_g8_paired_fixed075,primary_two_thresholds,500,3,"[0.65, 0.85]","[17, 29, 43]",3000,291,410,2299,0.097,0.13666666666666666,0.23366666666666666,0.5848787446504993,-0.07688333333333333,5,2299,0,5,0
test_nq,original,primary_two_thresholds,500,1,"[0.65, 0.85]",[0],1000,148,423,429,0.148,0.423,0.571,0.7408056042031523,-0.27855,18,429,0,18,0
test_nq,original_calibrated,primary_two_thresholds,500,1,"[0.65, 0.85]",[0],1000,39,68,893,0.039,0.068,0.107,0.6355140186915887,-0.030750000000000003,0,0,0,0,12
test_nq,original_raw,primary_two_thresholds,500,1,"[0.65, 0.85]",[0],1000,150,357,493,0.15,0.357,0.507,0.7041420118343196,-0.22935,0,0,0,0,12
test_nq,train_logistic_raw,primary_two_thresholds,500,1,"[0.65, 0.85]",[0],1000,43,80,877,0.043,0.08,0.123,0.6504065040650406,-0.03715,0,0,0,0,12
test_nq,train_logistic_recalibrated,primary_two_thresholds,500,1,"[0.65, 0.85]",[0],1000,39,68,893,0.039,0.068,0.107,0.6355140186915887,-0.030750000000000003,0,0,0,0,12
test_trivia,a_g4_single_tau,primary_two_thresholds,2000,3,"[0.65, 0.85]","[17, 29, 43]",12000,2354,948,8698,0.19616666666666666,0.079,0.27516666666666667,0.2870987280436099,-0.009441666666666666,9,8698,0,9,0
test_trivia,b_g8_single_tau,primary_two_thresholds,2000,3,"[0.65, 0.85]","[17, 29, 43]",12000,2761,956,8283,0.23008333333333333,0.07966666666666666,0.30975,0.257196663976325,-0.0011708333333333336,10,8283,0,10,0
test_trivia,c_g8_paired_tau,primary_two_thresholds,2000,3,"[0.65, 0.85]","[17, 29, 43]",12000,2581,731,8688,0.21508333333333332,0.06091666666666667,0.276,0.22071256038647344,0.0091,2,8688,0,2,0
test_trivia,critic_calibrated,primary_two_thresholds,2000,3,"[0.65, 0.85]","[17, 29, 43]",12000,3171,538,8291,0.26425,0.044833333333333336,0.3090833333333333,0.14505257481801023,0.042479166666666665,0,0,0,0,72
test_trivia,critic_raw,primary_two_thresholds,2000,3,"[0.65, 0.85]","[17, 29, 43]",12000,3512,641,7847,0.2926666666666667,0.05341666666666667,0.34608333333333335,0.1543462557187575,0.040245833333333335,0,0,0,0,72
test_trivia,d_g8_paired_fixed075,primary_two_thresholds,2000,3,"[0.65, 0.85]","[17, 29, 43]",12000,3832,1722,6446,0.31933333333333336,0.1435,0.4628333333333333,0.3100468131076701,-0.026675,19,6446,0,19,0
test_trivia,original,primary_two_thresholds,2000,1,"[0.65, 0.85]",[0],4000,1814,1362,824,0.4535,0.3405,0.794,0.4288413098236776,-0.1412,22,824,0,22,0
test_trivia,original_calibrated,primary_two_thresholds,2000,1,"[0.65, 0.85]",[0],4000,621,185,3194,0.15525,0.04625,0.2015,0.22952853598014888,0.024175,0,0,0,0,24
test_trivia,original_raw,primary_two_thresholds,2000,1,"[0.65, 0.85]",[0],4000,1828,1013,1159,0.457,0.25325,0.71025,0.3565645899331221,-0.0752125,0,0,0,0,24
test_trivia,train_logistic_raw,primary_two_thresholds,2000,1,"[0.65, 0.85]",[0],4000,679,215,3106,0.16975,0.05375,0.2235,0.24049217002237136,0.024424999999999995,0,0,0,0,24
test_trivia,train_logistic_recalibrated,primary_two_thresholds,2000,1,"[0.65, 0.85]",[0],4000,620,185,3195,0.155,0.04625,0.20125,0.22981366459627328,0.024137499999999996,0,0,0,0,24
