split,method,seed,n_questions,coverage_high_minus_low,risk_high_minus_low,answered_low_abstain_high,abstain_low_answered_high,idk_in_forced_and_both_thresholds
test_nq,a_g4_single_tau,17,500,-0.027999999999999997,0.009754738015607556,14,0,249
test_nq,a_g4_single_tau,29,500,0.0,0.0,0,0,479
test_nq,a_g4_single_tau,43,500,-0.03,0.002347841791583871,15,0,217
test_nq,b_g8_single_tau,17,500,-0.020000000000000018,-0.009904737871427649,10,0,202
test_nq,b_g8_single_tau,29,500,0.0,0.0,0,0,334
test_nq,b_g8_single_tau,43,500,-0.03,-0.021309771309771297,15,0,288
test_nq,c_g8_paired_tau,17,500,-0.010000000000000002,-0.06609195402298851,5,0,306
test_nq,c_g8_paired_tau,29,500,-0.013999999999999999,-0.042028985507246375,7,0,307
test_nq,c_g8_paired_tau,43,500,-0.03,-0.034464131374243756,15,0,247
test_nq,d_g8_paired_fixed075,17,500,-0.03200000000000003,-0.036974789915966366,16,0,202
test_nq,d_g8_paired_fixed075,29,500,-0.033999999999999975,0.00918079096045199,17,0,195
test_nq,d_g8_paired_fixed075,43,500,-0.016,-0.02093718843469594,8,0,242
test_nq,original,0,500,-0.03399999999999992,-0.008435865320857605,17,0,142
test_trivia,a_g4_single_tau,17,2000,-0.022499999999999964,-0.0015086869618696208,46,1,535
test_trivia,a_g4_single_tau,29,2000,0.0,0.0,0,0,1764
test_trivia,a_g4_single_tau,43,2000,-0.02350000000000002,-0.014417423656089223,47,0,449
test_trivia,b_g8_single_tau,17,2000,-0.022499999999999964,-0.01178228512708529,46,1,377
test_trivia,b_g8_single_tau,29,2000,-0.013000000000000012,-0.015335853216788736,26,0,914
test_trivia,b_g8_single_tau,43,2000,-0.02799999999999997,-0.01753015618522974,56,0,624
test_trivia,c_g8_paired_tau,17,2000,-0.02149999999999999,-0.009994300012559298,43,0,721
test_trivia,c_g8_paired_tau,29,2000,-0.017999999999999988,-0.016671259300082647,36,0,776
test_trivia,c_g8_paired_tau,43,2000,-0.021499999999999964,-0.0029968547860660943,43,0,564
test_trivia,d_g8_paired_fixed075,17,2000,-0.02350000000000002,-0.009121093236268307,47,0,386
test_trivia,d_g8_paired_fixed075,29,2000,-0.02300000000000002,-0.01511150520309551,47,1,356
test_trivia,d_g8_paired_fixed075,43,2000,-0.020500000000000018,-0.008583561643835613,41,0,503
test_trivia,original,0,2000,-0.016000000000000014,-0.0014340738484577287,32,0,199
