variant,arm,seed,completions,credit_group_size,credit_groups,constant_credit_groups,mixed_answer_idk_credit_groups,eight_draw_exposures,mixed_answer_idk_eight_draw_exposures,updates_in_scope,active_reward_updates,registered_total_updates,loo_advantage_rms,generated_tokens,correct,correct_fraction,error,error_fraction,abstain,abstain_fraction,groups_C,groups_E,groups_A,groups_CE,groups_CA,groups_EA,groups_CEA,empty,truncated
a_g4_single_tau-s17,a_g4_single_tau,17,12096,4,3024,2757,179,1512,125,252,75,252,0.13317202607575843,44396,4124,0.34093915343915343,2414,0.19957010582010581,5558,0.45949074074074076,940,513,1304,88,90,85,4,0,15
a_g4_single_tau-s29,a_g4_single_tau,29,12096,4,3024,2847,133,1512,92,252,47,252,0.10540097757094068,40663,2639,0.2181712962962963,1388,0.11474867724867725,8069,0.6670800264550265,609,289,1949,44,56,69,8,0,9
a_g4_single_tau-s43,a_g4_single_tau,43,12096,4,3024,2682,237,1512,167,252,89,252,0.14897904876961188,44246,4386,0.36259920634920634,2455,0.20295965608465608,5255,0.43444113756613756,978,506,1198,105,121,107,9,0,5
b_g8_single_tau-s17,b_g8_single_tau,17,12096,8,1512,1303,134,1512,134,252,84,252,0.1364121586663278,45992,4655,0.38483796296296297,2914,0.24090608465608465,4527,0.3742559523809524,510,290,503,75,58,61,15,0,22
b_g8_single_tau-s29,b_g8_single_tau,29,12096,8,1512,1337,135,1512,135,252,71,252,0.11591994159765383,42114,3819,0.31572420634920634,1880,0.15542328042328044,6397,0.5288525132275133,420,187,730,40,64,58,13,0,5
b_g8_single_tau-s43,b_g8_single_tau,43,12096,8,1512,1292,138,1512,138,252,89,252,0.14213679157527045,45359,4722,0.39037698412698413,3009,0.24875992063492064,4365,0.36086309523809523,518,294,480,82,61,64,13,0,4
c_g8_paired_tau-s17,c_g8_paired_tau,17,12096,8,1512,1321,156,1512,156,252,85,252,0.11802165697042405,41589,3346,0.27662037037037035,1634,0.13508597883597884,7116,0.5882936507936508,358,144,819,35,73,71,12,0,11
c_g8_paired_tau-s29,c_g8_paired_tau,29,12096,8,1512,1341,130,1512,130,252,82,252,0.11757794715961821,41766,3720,0.30753968253968256,1857,0.1535218253968254,6519,0.5389384920634921,418,179,744,41,61,62,7,0,2
c_g8_paired_tau-s43,c_g8_paired_tau,43,12096,8,1512,1342,122,1512,122,252,80,252,0.11326488103172878,42909,3838,0.31729497354497355,2138,0.1767526455026455,6120,0.5059523809523809,431,211,700,48,60,58,4,0,5
d_g8_paired_fixed075-s17,d_g8_paired_fixed075,17,12096,8,1512,1295,151,1512,151,252,103,252,0.13230465521771614,44963,4456,0.3683862433862434,2654,0.21941137566137567,4986,0.41220238095238093,487,259,549,66,67,72,12,0,8
d_g8_paired_fixed075-s29,d_g8_paired_fixed075,29,12096,8,1512,1316,146,1512,146,252,86,252,0.12116874583228743,42382,3946,0.326223544973545,1956,0.16170634920634921,6194,0.5120701058201058,425,192,699,50,71,69,6,0,9
d_g8_paired_fixed075-s43,d_g8_paired_fixed075,43,12096,8,1512,1326,142,1512,142,252,77,252,0.11557068336032565,42233,3449,0.28513558201058203,1772,0.14649470899470898,6875,0.568369708994709,376,164,786,44,69,71,2,0,2
