dataset,method,n_questions,n_model_seeds,original_point,original_ci95_low,original_ci95_high,original_ci99_low,original_ci99_high,partial_em_unclear_point,partial_em_unclear_ci95_low,partial_em_unclear_ci95_high,partial_em_unclear_ci99_low,partial_em_unclear_ci99_high,coherent_point_low,coherent_point_high,all_assignments_ci95_positive,all_assignments_ci99_positive,scenario_ci95_low_min,scenario_ci95_low_max,scenario_ci95_high_min,scenario_ci95_high_max,scenario_ci99_low_min,scenario_ci99_low_max,scenario_ci99_high_min,scenario_ci99_high_max
test_trivia,original,2000,1,-0.14120000000000002,-0.1608003125,-0.12174968749999998,-0.1666751875,-0.11602493749999997,-0.13395,-0.1530878125,-0.11462468749999996,-0.1594625,-0.10913749999999997,-0.13395,-0.13395,False,False,-0.1530878125,-0.1530878125,-0.11462468749999996,-0.11462468749999996,-0.1594625,-0.1594625,-0.10913749999999997,-0.10913749999999997
test_trivia,a_g4_single_tau,2000,3,-0.009441666666666668,-0.022887499999999984,0.00025,-0.02747512499999999,0.00109597916666665,-0.0061916666666666665,-0.018246041666666657,0.0018291666666666636,-0.02282502083333332,0.004796604166666546,-0.0061916666666666665,-0.0061916666666666665,False,False,-0.018246041666666657,-0.018246041666666657,0.0018291666666666636,0.0018291666666666636,-0.02282502083333332,-0.02282502083333332,0.004796604166666546,0.004796604166666546
test_trivia,b_g8_single_tau,2000,3,-0.0011708333333333332,-0.029692395833333322,0.01928406249999999,-0.04070068749999998,0.021937645833333314,0.0024958333333333334,-0.02396697916666667,0.021583437499999993,-0.034225062499999986,0.02429170833333333,0.0024958333333333334,0.0024958333333333334,False,False,-0.02396697916666667,-0.02396697916666667,0.021583437499999993,0.021583437499999993,-0.034225062499999986,-0.034225062499999986,0.02429170833333333,0.02429170833333333
test_trivia,c_g8_paired_tau,2000,3,0.009099999999999999,-0.007412499999999989,0.022458437499999997,-0.01288756249999999,0.025325312499999954,0.011766666666666665,-0.004021041666666664,0.024675208333333334,-0.01000062499999999,0.027241812499999976,0.011766666666666665,0.011766666666666665,False,False,-0.004021041666666664,-0.004021041666666664,0.024675208333333334,0.024675208333333334,-0.01000062499999999,-0.01000062499999999,0.027241812499999976,0.027241812499999976
test_trivia,d_g8_paired_fixed075,2000,3,-0.026675,-0.06099999999999997,0.008612604166666668,-0.06945062499999997,0.016413124999999907,-0.022258333333333335,-0.05593031249999998,0.011983437500000001,-0.06437506249999998,0.01947606249999984,-0.022258333333333335,-0.022258333333333335,False,False,-0.05593031249999998,-0.05593031249999998,0.011983437500000001,0.011983437500000001,-0.06437506249999998,-0.06437506249999998,0.01947606249999984,0.01947606249999984
test_trivia,original_raw,2000,1,-0.0752125,-0.09298906249999997,-0.05757499999999999,-0.09886281249999998,-0.05257450000000005,-0.0662125,-0.08415156249999999,-0.04891187499999998,-0.09003774999999996,-0.04362475000000001,-0.0662125,-0.0662125,False,False,-0.08415156249999999,-0.08415156249999999,-0.04891187499999998,-0.04891187499999998,-0.09003774999999996,-0.09003774999999996,-0.04362475000000001,-0.04362475000000001
test_trivia,original_calibrated,2000,1,0.02417499999999999,0.018037499999999995,0.030324999999999984,0.01607481249999999,0.03198749999999999,0.027925,0.021999687499999986,0.03387499999999999,0.02013743749999999,0.03548756249999998,0.027925,0.027925,True,True,0.021999687499999986,0.021999687499999986,0.03387499999999999,0.03387499999999999,0.02013743749999999,0.02013743749999999,0.03548756249999998,0.03548756249999998
test_trivia,train_logistic_raw,2000,1,0.024425,0.01794999999999999,0.030937812499999974,0.01584987499999999,0.03266262499999996,0.028425,0.022037499999999988,0.03468781249999998,0.02006249999999999,0.03642499999999998,0.028425,0.028425,True,True,0.022037499999999988,0.022037499999999988,0.03468781249999998,0.03468781249999998,0.02006249999999999,0.02006249999999999,0.03642499999999998,0.03642499999999998
test_trivia,train_logistic_recalibrated,2000,1,0.0241375,0.01799999999999999,0.030274999999999986,0.016024937499999992,0.03195006249999997,0.0278875,0.021949999999999994,0.03382499999999999,0.020099999999999993,0.03548756249999997,0.0278875,0.0278875,True,True,0.021949999999999994,0.021949999999999994,0.03382499999999999,0.03382499999999999,0.020099999999999993,0.020099999999999993,0.03548756249999997,0.03548756249999997
test_trivia,critic_raw,2000,3,0.040245833333333335,0.030337291666666665,0.04943802083333332,0.026754166666666673,0.051933354166666675,0.0444125,0.0353121875,0.053054166666666666,0.03221660416666667,0.055733374999999995,0.0444125,0.0444125,True,True,0.0353121875,0.0353121875,0.053054166666666666,0.053054166666666666,0.03221660416666667,0.03221660416666667,0.055733374999999995,0.055733374999999995
test_trivia,critic_calibrated,2000,3,0.042479166666666665,0.03442916666666667,0.050487604166666665,0.031912187499999994,0.05286258333333332,0.04589583333333333,0.03814166666666667,0.05366302083333333,0.03564985416666667,0.0558668958333333,0.04589583333333333,0.04589583333333333,True,True,0.03814166666666667,0.03814166666666667,0.05366302083333333,0.05366302083333333,0.03564985416666667,0.03564985416666667,0.0558668958333333,0.0558668958333333
test_nq,original,500,1,-0.27855,-0.3140000000000001,-0.24374875000000007,-0.3237507500000001,-0.2320497500000001,-0.26155,-0.29705250000000016,-0.22659750000000012,-0.3075505000000001,-0.2153495000000001,-0.26155,-0.26155,False,False,-0.29705250000000016,-0.29705250000000016,-0.22659750000000012,-0.22659750000000012,-0.3075505000000001,-0.3075505000000001,-0.2153495000000001,-0.2153495000000001
test_nq,a_g4_single_tau,500,3,-0.03811666666666667,-0.07180208333333334,-0.0015,-0.08045008333333334,0.0,-0.029116666666666666,-0.05773416666666666,-0.0015,-0.06608366666666667,0.0,-0.029116666666666666,-0.02845,False,False,-0.05773416666666666,-0.05675041666666667,-0.0015,-0.0015,-0.06608366666666667,-0.06525075,0.0,0.0
test_nq,b_g8_single_tau,500,3,-0.035583333333333335,-0.07915,-0.004999999999999999,-0.09405024999999999,-0.001,-0.02725,-0.06570041666666666,-0.0008495833333333403,-0.07955049999999998,0.0025,-0.02725,-0.026583333333333334,False,False,-0.06570041666666666,-0.06355,-0.0008495833333333403,-0.0008495833333333403,-0.07955049999999998,-0.07765024999999999,0.0025,0.0025
test_nq,c_g8_paired_tau,500,3,-0.022516666666666664,-0.050001250000000004,-0.0023329166666666724,-0.06055000000000001,0.0010834166666666538,-0.01585,-0.03970124999999999,0.001150416666666661,-0.0493,0.0040834999999999734,-0.01585,-0.01585,False,False,-0.03970124999999999,-0.03970124999999999,0.001150416666666661,0.001150416666666661,-0.0493,-0.0493,0.0040834999999999734,0.0040834999999999734
test_nq,d_g8_paired_fixed075,500,3,-0.07688333333333335,-0.12810000000000002,-0.026997500000000032,-0.14196733333333333,-0.015499500000000076,-0.06321666666666667,-0.11025125000000001,-0.019150000000000007,-0.12405000000000001,-0.00955,-0.06321666666666667,-0.06321666666666667,False,False,-0.11025125000000001,-0.11025125000000001,-0.019150000000000007,-0.019150000000000007,-0.12405000000000001,-0.12405000000000001,-0.00955,-0.00955
test_nq,original_raw,500,1,-0.22935,-0.2637012500000001,-0.19555000000000006,-0.2760002500000001,-0.18455000000000002,-0.19934999999999997,-0.23435125000000007,-0.16580000000000003,-0.24450075000000002,-0.15530000000000002,-0.19934999999999997,-0.19534999999999997,False,False,-0.23435125000000007,-0.23015125000000003,-0.16580000000000003,-0.16165000000000002,-0.24450075000000002,-0.24035025000000004,-0.15530000000000002,-0.15139925000000012
test_nq,original_calibrated,500,1,-0.03075,-0.042249999999999996,-0.019550000000000005,-0.046350000000000016,-0.016500000000000004,-0.019750000000000004,-0.03105,-0.009100000000000004,-0.03430000000000001,-0.005799750000000044,-0.019750000000000004,-0.018750000000000003,False,False,-0.03105,-0.02995000000000001,-0.009100000000000004,-0.008100000000000005,-0.03430000000000001,-0.03350000000000001,-0.005799750000000044,-0.004699500000000081
test_nq,train_logistic_raw,500,1,-0.03715,-0.04945000000000001,-0.02530000000000001,-0.05345025000000002,-0.022250000000000006,-0.02615,-0.03810000000000001,-0.014650000000000005,-0.04185050000000001,-0.010950000000000001,-0.02615,-0.024149999999999998,False,False,-0.03810000000000001,-0.03600125000000001,-0.014650000000000005,-0.012600000000000007,-0.04185050000000001,-0.03990025000000001,-0.010950000000000001,-0.008999500000000087
test_nq,train_logistic_recalibrated,500,1,-0.03075,-0.042249999999999996,-0.019550000000000005,-0.046350000000000016,-0.016500000000000004,-0.019750000000000004,-0.03105,-0.009100000000000004,-0.03430000000000001,-0.005799750000000044,-0.019750000000000004,-0.018750000000000003,False,False,-0.03105,-0.02995000000000001,-0.009100000000000004,-0.008100000000000005,-0.03430000000000001,-0.03350000000000001,-0.005799750000000044,-0.004699500000000081
test_nq,critic_raw,500,3,-0.02038333333333333,-0.04153375000000001,-0.0013500000000000005,-0.048500083333333326,0.00305008333333332,-0.010716666666666666,-0.029167499999999992,0.004849999999999999,-0.035500000000000004,0.008549999999999999,-0.010716666666666666,-0.010716666666666666,False,False,-0.029167499999999992,-0.029167499999999992,0.004849999999999999,0.004849999999999999,-0.035500000000000004,-0.035500000000000004,0.008549999999999999,0.008549999999999999
test_nq,critic_calibrated,500,3,-0.011966666666666669,-0.02440125,-0.0010000000000000018,-0.02843366666666667,0.001883749999999932,-0.003966666666666667,-0.015216666666666668,0.006433333333333333,-0.019250083333333338,0.009783416666666652,-0.003966666666666667,-0.003966666666666667,False,False,-0.015216666666666668,-0.015216666666666668,0.006433333333333333,0.006433333333333333,-0.019250083333333338,-0.019250083333333338,0.009783416666666652,0.009783416666666652
