dataset,left,right,n_questions,paired_training_seeds,role,original_point,original_ci95_low,original_ci95_high,original_ci99_low,original_ci99_high,partial_em_unclear_point,partial_em_unclear_ci95_low,partial_em_unclear_ci95_high,partial_em_unclear_ci99_low,partial_em_unclear_ci99_high,coherent_point_low,coherent_point_high,all_assignments_ci95_positive,all_assignments_ci99_positive,scenario_ci95_low_min,scenario_ci95_low_max,scenario_ci95_high_min,scenario_ci95_high_max,scenario_ci99_low_min,scenario_ci99_low_max,scenario_ci99_high_min,scenario_ci99_high_max
test_trivia,b_g8_single_tau,a_g4_single_tau,2000,3,posthoc_primary_dataset_sensitivity,0.008270833333333335,-0.01778937499999999,0.0293253125,-0.023300499999999995,0.03427543749999993,0.0086875,-0.016963749999999996,0.02832125,-0.022412937499999987,0.03287506249999999,0.0086875,0.0086875,False,False,-0.016963749999999996,-0.016963749999999996,0.02832125,0.02832125,-0.022412937499999987,-0.022412937499999987,0.03287506249999999,0.03287506249999999
test_trivia,c_g8_paired_tau,b_g8_single_tau,2000,3,posthoc_primary_dataset_sensitivity,0.010270833333333331,-0.0187209375,0.04756624999999994,-0.02445025,0.0571880624999999,0.009270833333333332,-0.018013124999999998,0.043251562499999965,-0.023912562499999995,0.052688624999999815,0.009270833333333332,0.009270833333333332,False,False,-0.018013124999999998,-0.018013124999999998,0.043251562499999965,0.043251562499999965,-0.023912562499999995,-0.023912562499999995,0.052688624999999815,0.052688624999999815
test_trivia,c_g8_paired_tau,d_g8_paired_fixed075,2000,3,posthoc_primary_dataset_sensitivity,0.035775,-0.015663437499999995,0.07648406249999999,-0.022399999999999996,0.08423818749999987,0.034025,-0.0151375,0.07371374999999997,-0.021875062500000004,0.08192654166666642,0.034025,0.034025,False,False,-0.0151375,-0.0151375,0.07371374999999997,0.07371374999999997,-0.021875062500000004,-0.021875062500000004,0.08192654166666642,0.08192654166666642
test_trivia,critic_calibrated,original_calibrated,2000,3,posthoc_primary_dataset_sensitivity,0.018304166666666673,0.012349791666666677,0.024212812500000014,0.010412000000000013,0.025925270833333305,0.01797083333333333,0.012299687500000009,0.023720833333333337,0.010274812500000013,0.02558781249999996,0.01797083333333333,0.01797083333333333,True,True,0.012299687500000009,0.012299687500000009,0.023720833333333337,0.023720833333333337,0.010274812500000013,0.010274812500000013,0.02558781249999996,0.02558781249999996
test_trivia,critic_calibrated,train_logistic_recalibrated,2000,3,posthoc_primary_dataset_sensitivity,0.018341666666666666,0.012378958333333337,0.02427104166666668,0.010412104166666679,0.02601677083333332,0.01800833333333333,0.012333125000000016,0.023750000000000007,0.01028333333333335,0.025662500000000008,0.01800833333333333,0.01800833333333333,True,True,0.012333125000000016,0.012333125000000016,0.023750000000000007,0.023750000000000007,0.01028333333333335,0.01028333333333335,0.025662500000000008,0.025662500000000008
test_nq,b_g8_single_tau,a_g4_single_tau,500,3,posthoc_descriptive_transfer,0.002533333333333332,-0.02980083333333334,0.04080124999999998,-0.03775025,0.05295074999999987,0.0018666666666666658,-0.02753333333333334,0.03374999999999999,-0.03550075000000001,0.04476783333333316,0.0018666666666666658,0.0018666666666666658,False,False,-0.02753333333333334,-0.02753333333333334,0.03374999999999999,0.03374999999999999,-0.03550075000000001,-0.03550075000000001,0.04476783333333316,0.04476783333333316
test_nq,c_g8_paired_tau,b_g8_single_tau,500,3,posthoc_descriptive_transfer,0.013066666666666671,-0.03009999999999999,0.06675124999999998,-0.03925,0.0839012499999998,0.0114,-0.025101249999999988,0.05705,-0.032650249999999985,0.07330024999999997,0.010733333333333334,0.0114,False,False,-0.025101249999999988,-0.025101249999999988,0.05515166666666667,0.05705,-0.032650249999999985,-0.032650249999999985,0.07045049999999992,0.07330024999999997
test_nq,c_g8_paired_tau,d_g8_paired_fixed075,500,3,posthoc_descriptive_transfer,0.05436666666666668,-0.021652500000000005,0.1177541666666666,-0.032750500000000016,0.13125024999999996,0.04736666666666667,-0.016651249999999996,0.10386749999999999,-0.02724999999999999,0.11640041666666663,0.04736666666666667,0.04736666666666667,False,False,-0.016651249999999996,-0.016651249999999996,0.10386749999999999,0.10386749999999999,-0.02724999999999999,-0.02724999999999999,0.11640041666666663,0.11640041666666663
test_nq,critic_calibrated,original_calibrated,500,3,posthoc_descriptive_transfer,0.018783333333333332,0.0060500000000000016,0.03096666666666667,0.0018165000000000013,0.03488349999999998,0.015783333333333337,0.0037329166666666656,0.027300000000000005,-3.333333333313021e-07,0.031000000000000014,0.014783333333333336,0.015783333333333337,True,False,0.0027666666666666673,0.0037329166666666656,0.026266666666666674,0.027300000000000005,-0.0011334166666666658,-3.333333333313021e-07,0.030033333333333335,0.031000000000000014
test_nq,critic_calibrated,train_logistic_recalibrated,500,3,posthoc_descriptive_transfer,0.018783333333333332,0.0060500000000000016,0.03096666666666667,0.0018165000000000013,0.03488349999999998,0.015783333333333337,0.0037329166666666656,0.027300000000000005,-3.333333333313021e-07,0.031000000000000014,0.014783333333333336,0.015783333333333337,True,False,0.0027666666666666673,0.0037329166666666656,0.026266666666666674,0.027300000000000005,-0.0011334166666666658,-3.333333333313021e-07,0.030033333333333335,0.031000000000000014
