dataset,method,n_questions,n_model_seeds,original_n_prediction_rows,original_correct,original_error,original_abstain,original_utility,original_coverage,original_selective_risk,original_accuracy,original_error_rate,partial_em_unclear_n_prediction_rows,partial_em_unclear_correct,partial_em_unclear_error,partial_em_unclear_abstain,partial_em_unclear_utility,partial_em_unclear_coverage,partial_em_unclear_selective_risk,partial_em_unclear_accuracy,partial_em_unclear_error_rate,coherent_utility_low,coherent_utility_high,coherent_coverage_low,coherent_coverage_high,coherent_selective_risk_low,coherent_selective_risk_high,coherent_accuracy_low,coherent_accuracy_high,coherent_error_rate_low,coherent_error_rate_high
test_trivia,original,2000,1,4000,1814,1362,824,-0.1412,0.794,0.4288413098236776,0.4535,0.3405,4000,1843,1333,824,-0.13394999999999999,0.794,0.4197103274559194,0.46075,0.33325,-0.13394999999999999,-0.13394999999999999,0.794,0.794,0.4197103274559194,0.4197103274559194,0.46075,0.46075,0.33325,0.33325
test_trivia,a_g4_single_tau,2000,3,12000,2354,948,8698,-0.009441666666666666,0.27516666666666667,0.2870987280436099,0.19616666666666666,0.079,12000,2393,909,8698,-0.0061916666666666665,0.27516666666666667,0.2752877044215627,0.19941666666666666,0.07575,-0.0061916666666666665,-0.0061916666666666665,0.27516666666666667,0.27516666666666667,0.2752877044215627,0.2752877044215627,0.19941666666666666,0.19941666666666666,0.07575,0.07575
test_trivia,b_g8_single_tau,2000,3,12000,2761,956,8283,-0.0011708333333333336,0.30975,0.257196663976325,0.23008333333333333,0.07966666666666666,12000,2805,912,8283,0.0024958333333333334,0.30975,0.2453591606133979,0.23375,0.076,0.0024958333333333334,0.0024958333333333334,0.30975,0.30975,0.2453591606133979,0.2453591606133979,0.23375,0.23375,0.076,0.076
test_trivia,c_g8_paired_tau,2000,3,12000,2581,731,8688,0.009099999999999999,0.276,0.22071256038647344,0.21508333333333332,0.06091666666666667,12000,2613,699,8688,0.011766666666666665,0.276,0.21105072463768115,0.21775,0.05825,0.011766666666666665,0.011766666666666665,0.276,0.276,0.21105072463768115,0.21105072463768115,0.21775,0.21775,0.05825,0.05825
test_trivia,d_g8_paired_fixed075,2000,3,12000,3832,1722,6446,-0.026674999999999997,0.4628333333333333,0.3100468131076701,0.31933333333333336,0.1435,12000,3885,1669,6446,-0.022258333333333335,0.4628333333333333,0.3005041411595247,0.32375,0.13908333333333334,-0.022258333333333335,-0.022258333333333335,0.4628333333333333,0.4628333333333333,0.3005041411595247,0.3005041411595247,0.32375,0.32375,0.13908333333333334,0.13908333333333334
test_trivia,original_raw,2000,1,4000,1828,1013,1159,-0.0752125,0.71025,0.3565645899331221,0.457,0.25325,4000,1864,977,1159,-0.06621250000000001,0.71025,0.3438929954241464,0.466,0.24425,-0.06621250000000001,-0.06621250000000001,0.71025,0.71025,0.3438929954241464,0.3438929954241464,0.466,0.466,0.24425,0.24425
test_trivia,original_calibrated,2000,1,4000,621,185,3194,0.024175,0.2015,0.22952853598014888,0.15525,0.04625,4000,636,170,3194,0.027925,0.2015,0.2109181141439206,0.159,0.0425,0.027925,0.027925,0.2015,0.2015,0.2109181141439206,0.2109181141439206,0.159,0.159,0.0425,0.0425
test_trivia,train_logistic_raw,2000,1,4000,679,215,3106,0.024425,0.2235,0.24049217002237136,0.16975,0.05375,4000,695,199,3106,0.028425,0.2235,0.2225950782997763,0.17375,0.04975,0.028425,0.028425,0.2235,0.2235,0.2225950782997763,0.2225950782997763,0.17375,0.17375,0.04975,0.04975
test_trivia,train_logistic_recalibrated,2000,1,4000,620,185,3195,0.024137499999999996,0.20125,0.22981366459627328,0.155,0.04625,4000,635,170,3195,0.027887499999999996,0.20125,0.2111801242236025,0.15875,0.0425,0.027887499999999996,0.027887499999999996,0.20125,0.20125,0.2111801242236025,0.2111801242236025,0.15875,0.15875,0.0425,0.0425
test_trivia,critic_raw,2000,3,12000,3512,641,7847,0.04024583333333333,0.34608333333333335,0.1543462557187575,0.2926666666666667,0.05341666666666667,12000,3562,591,7847,0.0444125,0.34608333333333335,0.14230676619311342,0.29683333333333334,0.04925,0.0444125,0.0444125,0.34608333333333335,0.34608333333333335,0.14230676619311342,0.14230676619311342,0.29683333333333334,0.29683333333333334,0.04925,0.04925
test_trivia,critic_calibrated,2000,3,12000,3171,538,8291,0.042479166666666665,0.3090833333333333,0.14505257481801023,0.26425,0.044833333333333336,12000,3212,497,8291,0.04589583333333333,0.3090833333333333,0.133998382313292,0.26766666666666666,0.041416666666666664,0.04589583333333333,0.04589583333333333,0.3090833333333333,0.3090833333333333,0.133998382313292,0.133998382313292,0.26766666666666666,0.26766666666666666,0.041416666666666664,0.041416666666666664
test_nq,original,500,1,1000,148,423,429,-0.27854999999999996,0.571,0.7408056042031523,0.148,0.423,1000,165,406,429,-0.26154999999999995,0.571,0.7110332749562172,0.165,0.406,-0.26154999999999995,-0.26154999999999995,0.571,0.571,0.7110332749562172,0.7110332749562172,0.165,0.165,0.406,0.406
test_nq,a_g4_single_tau,500,3,3000,170,213,2617,-0.03811666666666667,0.12766666666666668,0.556135770234987,0.056666666666666664,0.071,3000,197,186,2617,-0.029116666666666666,0.12766666666666668,0.4856396866840731,0.06566666666666666,0.062,-0.029116666666666666,-0.02845,0.12766666666666668,0.12766666666666668,0.4804177545691906,0.4856396866840731,0.06566666666666666,0.06633333333333333,0.06133333333333333,0.062
test_nq,b_g8_single_tau,500,3,3000,172,203,2625,-0.035583333333333335,0.125,0.5413333333333333,0.05733333333333333,0.06766666666666667,3000,197,178,2625,-0.02725,0.125,0.4746666666666667,0.06566666666666666,0.059333333333333335,-0.02725,-0.026583333333333334,0.125,0.125,0.4693333333333333,0.4746666666666667,0.06566666666666666,0.06633333333333333,0.058666666666666666,0.059333333333333335
test_nq,c_g8_paired_tau,500,3,3000,154,145,2701,-0.022516666666666664,0.09966666666666667,0.48494983277591974,0.051333333333333335,0.04833333333333333,3000,174,125,2701,-0.01585,0.09966666666666667,0.4180602006688963,0.058,0.041666666666666664,-0.01585,-0.01585,0.09966666666666667,0.09966666666666667,0.4180602006688963,0.4180602006688963,0.058,0.058,0.041666666666666664,0.041666666666666664
test_nq,d_g8_paired_fixed075,500,3,3000,291,410,2299,-0.07688333333333335,0.23366666666666666,0.5848787446504993,0.097,0.13666666666666666,3000,332,369,2299,-0.06321666666666667,0.23366666666666666,0.5263908701854494,0.11066666666666666,0.123,-0.06321666666666667,-0.06321666666666667,0.23366666666666666,0.23366666666666666,0.5263908701854494,0.5263908701854494,0.11066666666666666,0.11066666666666666,0.123,0.123
test_nq,original_raw,500,1,1000,150,357,493,-0.22935000000000003,0.507,0.7041420118343196,0.15,0.357,1000,180,327,493,-0.19935,0.507,0.6449704142011834,0.18,0.327,-0.19935,-0.19535,0.507,0.507,0.6370808678500987,0.6449704142011834,0.18,0.184,0.323,0.327
test_nq,original_calibrated,500,1,1000,39,68,893,-0.03075,0.107,0.6355140186915887,0.039,0.068,1000,50,57,893,-0.01975,0.107,0.5327102803738317,0.05,0.057,-0.01975,-0.01875,0.107,0.107,0.5233644859813084,0.5327102803738317,0.05,0.051,0.056,0.057
test_nq,train_logistic_raw,500,1,1000,43,80,877,-0.03715,0.123,0.6504065040650406,0.043,0.08,1000,54,69,877,-0.026150000000000003,0.123,0.5609756097560976,0.054,0.069,-0.026150000000000003,-0.02415,0.123,0.123,0.5447154471544715,0.5609756097560976,0.054,0.056,0.067,0.069
test_nq,train_logistic_recalibrated,500,1,1000,39,68,893,-0.03075,0.107,0.6355140186915887,0.039,0.068,1000,50,57,893,-0.01975,0.107,0.5327102803738317,0.05,0.057,-0.01975,-0.01875,0.107,0.107,0.5233644859813084,0.5327102803738317,0.05,0.051,0.056,0.057
test_nq,critic_raw,500,3,3000,194,161,2645,-0.020383333333333333,0.11833333333333333,0.4535211267605634,0.06466666666666666,0.05366666666666667,3000,223,132,2645,-0.010716666666666666,0.11833333333333333,0.37183098591549296,0.07433333333333333,0.044,-0.010716666666666666,-0.010716666666666666,0.11833333333333333,0.11833333333333333,0.37183098591549296,0.37183098591549296,0.07433333333333333,0.07433333333333333,0.044,0.044
test_nq,critic_calibrated,500,3,3000,163,123,2714,-0.011966666666666669,0.09533333333333334,0.43006993006993005,0.05433333333333333,0.041,3000,187,99,2714,-0.003966666666666667,0.09533333333333334,0.34615384615384615,0.06233333333333333,0.033,-0.003966666666666667,-0.003966666666666667,0.09533333333333334,0.09533333333333334,0.34615384615384615,0.34615384615384615,0.06233333333333333,0.06233333333333333,0.033,0.033
