dataset,left,right,seed,original_effect,partial_em_unclear_effect,coherent_point_low,coherent_point_high
test_trivia,b_g8_single_tau,a_g4_single_tau,17,-0.0195,-0.0185,-0.0185,-0.0185
test_trivia,b_g8_single_tau,a_g4_single_tau,29,0.015025000000000002,0.017025000000000002,0.017025000000000002,0.017025000000000002
test_trivia,b_g8_single_tau,a_g4_single_tau,43,0.0292875,0.027537500000000003,0.027537500000000003,0.027537500000000003
test_trivia,c_g8_paired_tau,b_g8_single_tau,17,0.050575,0.046325000000000005,0.046325000000000005,0.046325000000000005
test_trivia,c_g8_paired_tau,b_g8_single_tau,29,0.000375,0.000875,0.000875,0.000875
test_trivia,c_g8_paired_tau,b_g8_single_tau,43,-0.0201375,-0.0193875,-0.0193875,-0.0193875
test_trivia,c_g8_paired_tau,d_g8_paired_fixed075,17,0.051024999999999994,0.047775,0.047775,0.047775
test_trivia,c_g8_paired_tau,d_g8_paired_fixed075,29,0.07475,0.07225,0.07225,0.07225
test_trivia,c_g8_paired_tau,d_g8_paired_fixed075,43,-0.01845,-0.01795,-0.01795,-0.01795
test_trivia,critic_calibrated,original_calibrated,17,0.018949999999999998,0.018949999999999998,0.018949999999999998,0.018949999999999998
test_trivia,critic_calibrated,original_calibrated,29,0.0195625,0.0188125,0.0188125,0.0188125
test_trivia,critic_calibrated,original_calibrated,43,0.016399999999999998,0.016149999999999998,0.016149999999999998,0.016149999999999998
test_trivia,critic_calibrated,train_logistic_recalibrated,17,0.018987499999999997,0.018987499999999997,0.018987499999999997,0.018987499999999997
test_trivia,critic_calibrated,train_logistic_recalibrated,29,0.019600000000000003,0.018850000000000002,0.018850000000000002,0.018850000000000002
test_trivia,critic_calibrated,train_logistic_recalibrated,43,0.0164375,0.0161875,0.0161875,0.0161875
test_nq,b_g8_single_tau,a_g4_single_tau,17,-0.029900000000000003,-0.0279,-0.0279,-0.0279
test_nq,b_g8_single_tau,a_g4_single_tau,29,-0.006,-0.002,-0.002,-0.002
test_nq,b_g8_single_tau,a_g4_single_tau,43,0.0435,0.0355,0.0355,0.0355
test_nq,c_g8_paired_tau,b_g8_single_tau,17,0.07075,0.06075,0.05875,0.06075
test_nq,c_g8_paired_tau,b_g8_single_tau,29,-0.0005500000000000001,-0.0015500000000000002,-0.0015500000000000002,-0.0015500000000000002
test_nq,c_g8_paired_tau,b_g8_single_tau,43,-0.031,-0.025,-0.025,-0.025
test_nq,c_g8_paired_tau,d_g8_paired_fixed075,17,0.07265,0.06165,0.06165,0.06165
test_nq,c_g8_paired_tau,d_g8_paired_fixed075,29,0.115,0.1,0.1,0.1
test_nq,c_g8_paired_tau,d_g8_paired_fixed075,43,-0.024550000000000002,-0.01955,-0.01955,-0.01955
test_nq,critic_calibrated,original_calibrated,17,0.02065,0.018650000000000003,0.017650000000000002,0.018650000000000003
test_nq,critic_calibrated,original_calibrated,29,0.014000000000000002,0.012000000000000002,0.011000000000000003,0.012000000000000002
test_nq,critic_calibrated,original_calibrated,43,0.021700000000000004,0.016700000000000003,0.015700000000000002,0.016700000000000003
test_nq,critic_calibrated,train_logistic_recalibrated,17,0.02065,0.018650000000000003,0.017650000000000002,0.018650000000000003
test_nq,critic_calibrated,train_logistic_recalibrated,29,0.014000000000000002,0.012000000000000002,0.011000000000000003,0.012000000000000002
test_nq,critic_calibrated,train_logistic_recalibrated,43,0.021700000000000004,0.016700000000000003,0.015700000000000002,0.016700000000000003
